contract_id,filename,num_qas,split,char_count
2ThemartComInc_19990826_10-12G_EX-10.10_6700288_EX-10.10_Co-Branding Agreement_ Agency Agreement,2ThemartComInc_19990826_10-12G_EX-10.10_6700288_EX-10.10_Co-Branding Agreement_ Agency Agreement.txt,52,train,29454
ABILITYINC_06_15_2020-EX-4.25-SERVICES AGREEMENT,ABILITYINC_06_15_2020-EX-4.25-SERVICES AGREEMENT.txt,48,train,26346
ACCELERATEDTECHNOLOGIESHOLDINGCORP_04_24_2003-EX-10.13-JOINT VENTURE AGREEMENT,ACCELERATEDTECHNOLOGIESHOLDINGCORP_04_24_2003-EX-10.13-JOINT VENTURE AGREEMENT.txt,41,test,13038
ACCURAYINC_09_01_2010-EX-10.31-DISTRIBUTOR AGREEMENT,ACCURAYINC_09_01_2010-EX-10.31-DISTRIBUTOR AGREEMENT.txt,58,train,89484
ADAMSGOLFINC_03_21_2005-EX-10.17-ENDORSEMENT AGREEMENT,ADAMSGOLFINC_03_21_2005-EX-10.17-ENDORSEMENT AGREEMENT.txt,51,train,24632
ADAPTIMMUNETHERAPEUTICSPLC_04_06_2017-EX-10.11-STRATEGIC ALLIANCE AGREEMENT,ADAPTIMMUNETHERAPEUTICSPLC_04_06_2017-EX-10.11-STRATEGIC ALLIANCE AGREEMENT.txt,79,train,101167
"ADIANUTRITION,INC_04_01_2005-EX-10.D2-RESELLER AGREEMENT","ADIANUTRITION,INC_04_01_2005-EX-10.D2-RESELLER AGREEMENT.txt",47,train,26347
"ADMA BioManufacturing, LLC -  Amendment #3 to Manufacturing Agreement ","ADMA BioManufacturing, LLC - Amendment No3 to Manufacturing Agreement.txt",48,train,15312
"ADUROBIOTECH,INC_06_02_2020-EX-10.7-CONSULTING AGREEMENT","ADUROBIOTECH,INC_06_02_2020-EX-10.7-CONSULTING AGREEMENT.txt",46,train,12020
"ADUROBIOTECH,INC_06_02_2020-EX-10.7-CONSULTING AGREEMENT(1)","ADUROBIOTECH,INC_06_02_2020-EX-10.7-CONSULTING AGREEMENT(1).txt",46,train,12020
AFSALABANCORPINC_08_01_1996-EX-1.1-AGENCY AGREEMENT,AFSALABANCORPINC_08_01_1996-EX-1.1-AGENCY AGREEMENT.txt,41,test,121559
AIRSPANNETWORKSINC_04_11_2000-EX-10.5-Distributor Agreement,AIRSPANNETWORKSINC_04_11_2000-EX-10.5-Distributor Agreement.txt,41,test,70444
AIRTECHINTERNATIONALGROUPINC_05_08_2000-EX-10.4-FRANCHISE AGREEMENT,AIRTECHINTERNATIONALGROUPINC_05_08_2000-EX-10.4-FRANCHISE AGREEMENT.txt,63,train,73869
ALAMOGORDOFINANCIALCORP_12_16_1999-EX-1-AGENCY AGREEMENT,ALAMOGORDOFINANCIALCORP_12_16_1999-EX-1-AGENCY AGREEMENT.txt,53,train,143307
ALCOSTORESINC_12_14_2005-EX-10.26-AGENCY AGREEMENT,ALCOSTORESINC_12_14_2005-EX-10.26-AGENCY AGREEMENT.txt,41,test,11355
ALLIANCEBANCORPINCOFPENNSYLVANIA_10_18_2006-EX-1.2-AGENCY AGREEMENT,ALLIANCEBANCORPINCOFPENNSYLVANIA_10_18_2006-EX-1.2-AGENCY AGREEMENT.txt,56,train,130256
ALLISONTRANSMISSIONHOLDINGSINC_12_15_2014-EX-99.1-COOPERATION AGREEMENT,ALLISONTRANSMISSIONHOLDINGSINC_12_15_2014-EX-99.1-COOPERATION AGREEMENT.txt,51,train,32826
AMBASSADOREYEWEARGROUPINC_11_17_1997-EX-10.28-ENDORSEMENT AGREEMENT,AMBASSADOREYEWEARGROUPINC_11_17_1997-EX-10.28-ENDORSEMENT AGREEMENT.txt,41,test,39727
AMERICANPHYSICIANSCAPITALINC_03_31_2003-EX-10.26-AGENCY AGREEMENT,AMERICANPHYSICIANSCAPITALINC_03_31_2003-EX-10.26-AGENCY AGREEMENT.txt,51,train,23999
AMERICASSHOPPINGMALLINC_12_10_1999-EX-10.2-SITE DEVELOPMENT AND HOSTING AGREEMENT,AMERICASSHOPPINGMALLINC_12_10_1999-EX-10.2-SITE DEVELOPMENT AND HOSTING AGREEMENT.txt,46,train,19351
ANIXABIOSCIENCESINC_06_09_2020-EX-10.1-COLLABORATION AGREEMENT,ANIXABIOSCIENCESINC_06_09_2020-EX-10.1-COLLABORATION AGREEMENT.txt,53,train,40519
"ARMSTRONGFLOORING,INC_01_07_2019-EX-10.2-INTELLECTUAL PROPERTY AGREEMENT","ARMSTRONGFLOORING,INC_01_07_2019-EX-10.2-INTELLECTUAL PROPERTY AGREEMENT.txt",75,train,69759
"ASHWORTHINC_01_29_1999-EX-10.(D)-PROMOTION AGREEMENT AND NANTZ COMMUNICATIONS, INC.","ASHWORTHINC_01_29_1999-EX-10.(D)-PROMOTION AGREEMENT AND NANTZ COMMUNICATIONS, INC.txt",53,train,24999
ASIANDRAGONGROUPINC_08_11_2005-EX-10.5-Reseller Agreement,ASIANDRAGONGROUPINC_08_11_2005-EX-10.5-Reseller Agreement.txt,48,train,45002
ASPIRITYHOLDINGSLLC_05_07_2012-EX-10.6-OUTSOURCING AGREEMENT,ASPIRITYHOLDINGSLLC_05_07_2012-EX-10.6-OUTSOURCING AGREEMENT.txt,54,train,67111
ATENTOSA_07_06_2020-EX-99.1-JOINT FILING AGREEMENT,ATENTOSA_07_06_2020-EX-99.1-JOINT FILING AGREEMENT.txt,50,train,2298
"ATHENSBANCSHARESCORP_11_02_2009-EX-1.2-AGENCY AGREEMENT , 2009","ATHENSBANCSHARESCORP_11_02_2009-EX-1.2-AGENCY AGREEMENT , 2009.txt",48,train,145307
ATMOSENERGYCORP_11_22_2002-EX-10.17-TRANSPORTATION SERVICE AGREEMENT,ATMOSENERGYCORP_11_22_2002-EX-10.17-TRANSPORTATION SERVICE AGREEMENT.txt,48,train,24151
AULAMERICANUNITTRUST_04_24_2020-EX-99.8.77-SERVICING AGREEMENT,AULAMERICANUNITTRUST_04_24_2020-EX-99.8.77-SERVICING AGREEMENT.txt,49,train,36019
AURASYSTEMSINC_06_16_2010-EX-10.25-STRATEGIC ALLIANCE AGREEMENT,AURASYSTEMSINC_06_16_2010-EX-10.25-STRATEGIC ALLIANCE AGREEMENT.txt,61,train,45033
AgapeAtpCorp_20191202_10-KA_EX-10.1_11911128_EX-10.1_Supply Agreement,AgapeAtpCorp_20191202_10-KA_EX-10.1_11911128_EX-10.1_Supply Agreement.txt,41,test,20693
AimmuneTherapeuticsInc_20200205_8-K_EX-10.3_11967170_EX-10.3_Development Agreement,AimmuneTherapeuticsInc_20200205_8-K_EX-10.3_11967170_EX-10.3_Development Agreement.txt,72,train,167973
AlliedEsportsEntertainmentInc_20190815_8-K_EX-10.19_11788293_EX-10.19_Content License Agreement,AlliedEsportsEntertainmentInc_20190815_8-K_EX-10.19_11788293_EX-10.19_Content License Agreement.txt,52,train,35504
AlliedEsportsEntertainmentInc_20190815_8-K_EX-10.34_11788308_EX-10.34_Sponsorship Agreement,AlliedEsportsEntertainmentInc_20190815_8-K_EX-10.34_11788308_EX-10.34_Sponsorship Agreement.txt,51,train,37796
"Antares Pharma, Inc. - Manufacturing Agreement","Antares Pharma, Inc. - Manufacturing Agreement.txt",48,train,106786
Apollo Endosurgery - Manufacturing and Supply Agreement,Apollo Endosurgery - Manufacturing and Supply Agreement.txt,50,train,48253
ArcGroupInc_20171211_8-K_EX-10.1_10976103_EX-10.1_Sponsorship Agreement,ArcGroupInc_20171211_8-K_EX-10.1_10976103_EX-10.1_Sponsorship Agreement.txt,44,train,16773
ArcaUsTreasuryFund_20200207_N-2_EX-99.K5_11971930_EX-99.K5_Development Agreement,ArcaUsTreasuryFund_20200207_N-2_EX-99.K5_11971930_EX-99.K5_Development Agreement.txt,44,train,15318
ArconicRolledProductsCorp_20191217_10-12B_EX-2.7_11923804_EX-2.7_Trademark License Agreement,ArconicRolledProductsCorp_20191217_10-12B_EX-2.7_11923804_EX-2.7_Trademark License Agreement.txt,41,test,18069
ArmstrongFlooringInc_20190107_8-K_EX-10.2_11471795_EX-10.2_Intellectual Property Agreement,ArmstrongFlooringInc_20190107_8-K_EX-10.2_11471795_EX-10.2_Intellectual Property Agreement.txt,76,train,56858
"Array BioPharma Inc. - LICENSE, DEVELOPMENT AND COMMERCIALIZATION AGREEMENT","Array BioPharma Inc. - LICENSE, DEVELOPMENT AND COMMERCIALIZATION AGREEMENT.txt",83,train,272018
ArtaraTherapeuticsInc_20200110_8-K_EX-10.5_11943350_EX-10.5_License Agreement,ArtaraTherapeuticsInc_20200110_8-K_EX-10.5_11943350_EX-10.5_License Agreement.txt,52,train,38330
AtnInternationalInc_20191108_10-Q_EX-10.1_11878541_EX-10.1_Maintenance Agreement,AtnInternationalInc_20191108_10-Q_EX-10.1_11878541_EX-10.1_Maintenance Agreement.txt,91,train,228943
AudibleInc_20001113_10-Q_EX-10.32_2599586_EX-10.32_Co-Branding Agreement_ Marketing Agreement_ Investment Distribution Agreement,AudibleInc_20001113_10-Q_EX-10.32_2599586_EX-10.32_Co-Branding Agreement_ Marketing Agreement_ Investment Distribution Agreement.txt,66,train,77102
AzulSa_20170303_F-1A_EX-10.3_9943903_EX-10.3_Maintenance Agreement1,AzulSa_20170303_F-1A_EX-10.3_9943903_EX-10.3_Maintenance Agreement1.txt,67,train,233248
AzulSa_20170303_F-1A_EX-10.3_9943903_EX-10.3_Maintenance Agreement2,AzulSa_20170303_F-1A_EX-10.3_9943903_EX-10.3_Maintenance Agreement2.txt,48,train,16870
"BABCOCK_WILCOXENTERPRISES,INC_08_04_2015-EX-10.17-INTELLECTUAL PROPERTY AGREEMENT between THE BABCOCK _ WILCOX COMPANY and BABCOCK _ WILCOX ENTERPRISES, INC.","BABCOCK_WILCOXENTERPRISES,INC_08_04_2015-EX-10.17-INTELLECTUAL PROPERTY AGREEMENT between THE BABCOCK _ WILCOX COMPANY and BABCOCK _ WILCOX ENTERPRISES, INC.txt",41,test,112447
BANGIINC_05_25_2005-EX-10-Premium Managed Hosting Agreement,BANGIINC_05_25_2005-EX-10-Premium Managed Hosting Agreement.txt,42,train,2010
BANUESTRAFINANCIALCORP_09_08_2006-EX-10.16-AGENCY AGREEMENT,BANUESTRAFINANCIALCORP_09_08_2006-EX-10.16-AGENCY AGREEMENT.txt,45,train,45214
"BELLICUMPHARMACEUTICALS,INC_05_07_2019-EX-10.1-Supply Agreement","BELLICUMPHARMACEUTICALS,INC_05_07_2019-EX-10.1-Supply Agreement.txt",92,train,188674
"BELLRINGBRANDS,INC_02_07_2020-EX-10.18-MASTER SUPPLY AGREEMENT","BELLRINGBRANDS,INC_02_07_2020-EX-10.18-MASTER SUPPLY AGREEMENT.txt",56,train,37876
"BERKELEYLIGHTS,INC_06_26_2020-EX-10.12-COLLABORATION AGREEMENT","BERKELEYLIGHTS,INC_06_26_2020-EX-10.12-COLLABORATION AGREEMENT.txt",101,train,209067
BEYONDCOMCORP_08_03_2000-EX-10.2-CO-HOSTING AGREEMENT,BEYONDCOMCORP_08_03_2000-EX-10.2-CO-HOSTING AGREEMENT.txt,55,train,58300
BICYCLETHERAPEUTICSPLC_03_10_2020-EX-10.11-SERVICE AGREEMENT,BICYCLETHERAPEUTICSPLC_03_10_2020-EX-10.11-SERVICE AGREEMENT.txt,54,train,57041
BIOAMBERINC_04_10_2013-EX-10.34-DEVELOPMENT AGREEMENT (1),BIOAMBERINC_04_10_2013-EX-10.34-DEVELOPMENT AGREEMENT (1).txt,53,train,38733
BIOAMBERINC_04_10_2013-EX-10.34-DEVELOPMENT AGREEMENT - First Amendment,BIOAMBERINC_04_10_2013-EX-10.34-DEVELOPMENT AGREEMENT - First Amendment.txt,44,train,6390
BIOCEPTINC_08_19_2013-EX-10-COLLABORATION AGREEMENT,BIOCEPTINC_08_19_2013-EX-10-COLLABORATION AGREEMENT.txt,61,train,79052
BIOFRONTERAAG_04_29_2019-EX-4.17-SUPPLY AGREEMENT,BIOFRONTERAAG_04_29_2019-EX-4.17-SUPPLY AGREEMENT.txt,56,train,63723
BIOPURECORP_06_30_1999-EX-10.13-AGENCY AGREEMENT,BIOPURECORP_06_30_1999-EX-10.13-AGENCY AGREEMENT.txt,41,test,40590
BLACKBOXSTOCKSINC_08_05_2014-EX-10.1-DISTRIBUTOR AGREEMENT,BLACKBOXSTOCKSINC_08_05_2014-EX-10.1-DISTRIBUTOR AGREEMENT.txt,47,train,17234
BLACKROCKMUNIHOLDINGSINVESTMENTQUALITYFUND_04_07_2020-EX-99.01-JOINT FILING AGREEMENT,BLACKROCKMUNIHOLDINGSINVESTMENTQUALITYFUND_04_07_2020-EX-99.01-JOINT FILING AGREEMENT.txt,43,train,1283
BLACKSTONEGSOLONG-SHORTCREDITINCOMEFUND_05_11_2020-EX-99.(K)(1)-SERVICE AGREEMENT,BLACKSTONEGSOLONG-SHORTCREDITINCOMEFUND_05_11_2020-EX-99.(K)(1)-SERVICE AGREEMENT.txt,47,train,52334
BLUEFLYINC_03_27_2002-EX-10.27-e-business Hosting Agreement,BLUEFLYINC_03_27_2002-EX-10.27-e-business Hosting Agreement.txt,56,train,37351
"BLUEHILLSBANCORP,INC_05_20_2014-EX-1.1-AGENCY AGREEMENT","BLUEHILLSBANCORP,INC_05_20_2014-EX-1.1-AGENCY AGREEMENT.txt",53,train,130742
"BLUEROCKRESIDENTIALGROWTHREIT,INC_06_01_2016-EX-1.1-AGENCY AGREEMENT","BLUEROCKRESIDENTIALGROWTHREIT,INC_06_01_2016-EX-1.1-AGENCY AGREEMENT.txt",49,train,134179
BNCMORTGAGEINC_05_17_1999-EX-10.4-LICENSING AND WEB SITE HOSTING AGREEMENT,BNCMORTGAGEINC_05_17_1999-EX-10.4-LICENSING AND WEB SITE HOSTING AGREEMENT.txt,46,train,32680
BNLFINANCIALCORP_03_30_2007-EX-10.8-OUTSOURCING AGREEMENT,BNLFINANCIALCORP_03_30_2007-EX-10.8-OUTSOURCING AGREEMENT.txt,50,train,39863
BOLIVARMININGCORP_05_23_2003-EX-2.1-VISP WEB SITE BUILDING AND HOSTING AGREEMENT,BOLIVARMININGCORP_05_23_2003-EX-2.1-VISP WEB SITE BUILDING AND HOSTING AGREEMENT.txt,41,test,11539
BONTONSTORESINC_04_20_2018-EX-99.3-AGENCY AGREEMENT,BONTONSTORESINC_04_20_2018-EX-99.3-AGENCY AGREEMENT.txt,72,train,161626
"BORROWMONEYCOM,INC_06_11_2020-EX-10.1-JOINT VENTURE AGREEMENT","BORROWMONEYCOM,INC_06_11_2020-EX-10.1-JOINT VENTURE AGREEMENT.txt",43,train,21450
BUFFALOWILDWINGSINC_06_05_1998-EX-10.3-FRANCHISE AGREEMENT,BUFFALOWILDWINGSINC_06_05_1998-EX-10.3-FRANCHISE AGREEMENT.txt,101,train,154495
BellringBrandsInc_20190920_S-1_EX-10.12_11817081_EX-10.12_Manufacturing Agreement1,BellringBrandsInc_20190920_S-1_EX-10.12_11817081_EX-10.12_Manufacturing Agreement1.txt,53,train,42473
BellringBrandsInc_20190920_S-1_EX-10.12_11817081_EX-10.12_Manufacturing Agreement2,BellringBrandsInc_20190920_S-1_EX-10.12_11817081_EX-10.12_Manufacturing Agreement2.txt,45,train,2274
BellringBrandsInc_20190920_S-1_EX-10.12_11817081_EX-10.12_Manufacturing Agreement3,BellringBrandsInc_20190920_S-1_EX-10.12_11817081_EX-10.12_Manufacturing Agreement3.txt,46,train,8024
BellringBrandsInc_20190920_S-1_EX-10.12_11817081_EX-10.12_Manufacturing Agreement4,BellringBrandsInc_20190920_S-1_EX-10.12_11817081_EX-10.12_Manufacturing Agreement4.txt,45,train,1742
BerkshireHillsBancorpInc_20120809_10-Q_EX-10.16_7708169_EX-10.16_Endorsement Agreement,BerkshireHillsBancorpInc_20120809_10-Q_EX-10.16_7708169_EX-10.16_Endorsement Agreement.txt,41,test,29629
BizzingoInc_20120322_8-K_EX-10.17_7504499_EX-10.17_Endorsement Agreement,BizzingoInc_20120322_8-K_EX-10.17_7504499_EX-10.17_Endorsement Agreement.txt,41,test,24223
BloomEnergyCorp_20180321_DRSA (on S-1)_EX-10_11240356_EX-10_Maintenance Agreement,BloomEnergyCorp_20180321_DRSA (on S-1)_EX-10_11240356_EX-10_Maintenance Agreement.txt,62,train,104732
BravatekSolutionsInc_20170418_8-K_EX-10.1_10205739_EX-10.1_Reseller Agreement,BravatekSolutionsInc_20170418_8-K_EX-10.1_10205739_EX-10.1_Reseller Agreement.txt,46,train,15871
"CANOPETROLEUM,INC_12_13_2007-EX-10.1-Sponsorship Agreement","CANOPETROLEUM,INC_12_13_2007-EX-10.1-Sponsorship Agreement.txt",47,train,8852
"CARDAX,INC_08_19_2014-EX-10.1-COLLABORATION AGREEMENT","CARDAX,INC_08_19_2014-EX-10.1-COLLABORATION AGREEMENT.txt",49,train,56539
CCAINDUSTRIESINC_04_14_2014-EX-10.1-OUTSOURCING AGREEMENT,CCAINDUSTRIESINC_04_14_2014-EX-10.1-OUTSOURCING AGREEMENT.txt,50,train,31914
CENTRACKINTERNATIONALINC_10_29_1999-EX-10.3-WEB SITE HOSTING AGREEMENT,CENTRACKINTERNATIONALINC_10_29_1999-EX-10.3-WEB SITE HOSTING AGREEMENT.txt,41,test,15176
"CERES,INC_01_25_2012-EX-10.20-Collaboration Agreement","CERES,INC_01_25_2012-EX-10.20-Collaboration Agreement.txt",89,train,335282
CHANGEPOINTCORP_03_08_2000-EX-10.6-LICENSE AND HOSTING AGREEMENT,CHANGEPOINTCORP_03_08_2000-EX-10.6-LICENSE AND HOSTING AGREEMENT.txt,98,train,161066
CHAPARRALRESOURCESINC_03_30_2000-EX-10.66-TRANSPORTATION CONTRACT,CHAPARRALRESOURCESINC_03_30_2000-EX-10.66-TRANSPORTATION CONTRACT.txt,47,train,26830
CHEETAHMOBILEINC_04_22_2014-EX-10.43-Cooperation Agreement,CHEETAHMOBILEINC_04_22_2014-EX-10.43-Cooperation Agreement.txt,50,train,39177
CHERRYHILLMORTGAGEINVESTMENTCORP_09_26_2013-EX-10.1-Strategic Alliance Agreement,CHERRYHILLMORTGAGEINVESTMENTCORP_09_26_2013-EX-10.1-Strategic Alliance Agreement.txt,41,test,27741
CHINARECYCLINGENERGYCORP_11_14_2013-EX-10.6-Cooperation Agreement,CHINARECYCLINGENERGYCORP_11_14_2013-EX-10.6-Cooperation Agreement.txt,47,train,16509
CHIPMOSTECHNOLOGIESBERMUDALTD_04_18_2016-EX-4.72-Strategic Alliance Agreement,CHIPMOSTECHNOLOGIESBERMUDALTD_04_18_2016-EX-4.72-Strategic Alliance Agreement.txt,41,test,13506
"COOLTECHNOLOGIES,INC_10_25_2017-EX-10.71-Strategic Alliance Agreement","COOLTECHNOLOGIES,INC_10_25_2017-EX-10.71-Strategic Alliance Agreement.txt",44,train,13548
"CORALGOLDRESOURCES,LTD_05_28_2020-EX-4.1-CONSULTING AGREEMENT","CORALGOLDRESOURCES,LTD_05_28_2020-EX-4.1-CONSULTING AGREEMENT.txt",47,train,29749
CORIOINC_07_20_2000-EX-10.5-LICENSE AND HOSTING AGREEMENT,CORIOINC_07_20_2000-EX-10.5-LICENSE AND HOSTING AGREEMENT.txt,70,train,62324
"CURAEGISTECHNOLOGIES,INC_05_26_2010-EX-1-CORPORATE SPONSORSHIP AGREEMENT","CURAEGISTECHNOLOGIES,INC_05_26_2010-EX-1-CORPORATE SPONSORSHIP AGREEMENT.txt",41,test,12624
CUROGROUPHOLDINGSCORP_05_04_2020-EX-10.3-SERVICING AGREEMENT,CUROGROUPHOLDINGSCORP_05_04_2020-EX-10.3-SERVICING AGREEMENT.txt,44,train,36602
CYBERIANOUTPOSTINC_07_09_1998-EX-10.13-PROMOTION AGREEMENT,CYBERIANOUTPOSTINC_07_09_1998-EX-10.13-PROMOTION AGREEMENT.txt,41,test,25288
CardlyticsInc_20180112_S-1_EX-10.16_11002987_EX-10.16_Maintenance Agreement1,CardlyticsInc_20180112_S-1_EX-10.16_11002987_EX-10.16_Maintenance Agreement1.txt,111,train,165322
CardlyticsInc_20180112_S-1_EX-10.16_11002987_EX-10.16_Maintenance Agreement2,CardlyticsInc_20180112_S-1_EX-10.16_11002987_EX-10.16_Maintenance Agreement2.txt,45,train,2819
CardlyticsInc_20180112_S-1_EX-10.16_11002987_EX-10.16_Maintenance Agreement3,CardlyticsInc_20180112_S-1_EX-10.16_11002987_EX-10.16_Maintenance Agreement3.txt,41,test,1707
CardlyticsInc_20180112_S-1_EX-10.16_11002987_EX-10.16_Maintenance Agreement4,CardlyticsInc_20180112_S-1_EX-10.16_11002987_EX-10.16_Maintenance Agreement4.txt,47,train,5327
CcRealEstateIncomeFundadv_20181205_POS 8C_EX-99.(H)(3)_11447739_EX-99.(H)(3)_Marketing Agreement,CcRealEstateIncomeFundadv_20181205_POS 8C_EX-99.(H)(3)_11447739_EX-99.(H)(3)_Marketing Agreement.txt,46,train,30127
CerenceInc_20191002_8-K_EX-10.4_11827494_EX-10.4_Intellectual Property Agreement,CerenceInc_20191002_8-K_EX-10.4_11827494_EX-10.4_Intellectual Property Agreement.txt,66,train,62170
Cerus Corporation - FIRST AMEND TO SUPPLY AND MANUFACTURING AGREEMENT,Cerus Corporation - FIRST AMEND TO SUPPLY AND MANUFACTURING AGREEMENT.txt,44,train,11420
ChinaRealEstateInformationCorp_20090929_F-1_EX-10.32_4771615_EX-10.32_Content License Agreement,ChinaRealEstateInformationCorp_20090929_F-1_EX-10.32_4771615_EX-10.32_Content License Agreement.txt,51,train,49191
ClickstreamCorp_20200330_1-A_EX1A-6 MAT CTRCT_12089935_EX1A-6 MAT CTRCT_Development Agreement,ClickstreamCorp_20200330_1-A_EX1A-6 MAT CTRCT_12089935_EX1A-6 MAT CTRCT_Development Agreement.txt,49,train,34191
CnsPharmaceuticalsInc_20200326_8-K_EX-10.1_12079626_EX-10.1_Development Agreement,CnsPharmaceuticalsInc_20200326_8-K_EX-10.1_12079626_EX-10.1_Development Agreement.txt,47,train,20791
CoherusBiosciencesInc_20200227_10-K_EX-10.29_12021376_EX-10.29_Development Agreement,CoherusBiosciencesInc_20200227_10-K_EX-10.29_12021376_EX-10.29_Development Agreement.txt,71,train,146058
"Columbia Laboratories, (Bermuda) Ltd. - AMEND NO. 2 TO MANUFACTURING AND SUPPLY AGREEMENT","Columbia Laboratories, (Bermuda) Ltd. - AMEND NO. 2 TO MANUFACTURING AND SUPPLY AGREEMENT.txt",41,test,45846
ConformisInc_20191101_10-Q_EX-10.6_11861402_EX-10.6_Development Agreement,ConformisInc_20191101_10-Q_EX-10.6_11861402_EX-10.6_Development Agreement.txt,57,train,63217
CreditcardscomInc_20070810_S-1_EX-10.33_362297_EX-10.33_Affiliate Agreement,CreditcardscomInc_20070810_S-1_EX-10.33_362297_EX-10.33_Affiliate Agreement.txt,44,train,28804
CybergyHoldingsInc_20140520_10-Q_EX-10.27_8605784_EX-10.27_Affiliate Agreement,CybergyHoldingsInc_20140520_10-Q_EX-10.27_8605784_EX-10.27_Affiliate Agreement.txt,52,train,33825
CytodynInc_20200109_10-Q_EX-10.5_11941634_EX-10.5_License Agreement,CytodynInc_20200109_10-Q_EX-10.5_11941634_EX-10.5_License Agreement.txt,70,train,159488
DIVERSINETCORP_03_01_2012-EX-4-RESELLER AGREEMENT,DIVERSINETCORP_03_01_2012-EX-4-RESELLER AGREEMENT.txt,62,train,75389
DOMINIADVISORTRUST_02_18_2005-EX-99.(H)(2)-SPONSORSHIP AGREEMENT,DOMINIADVISORTRUST_02_18_2005-EX-99.(H)(2)-SPONSORSHIP AGREEMENT.txt,45,train,12555
DRAGONSYSTEMSINC_01_08_1999-EX-10.17-OUTSOURCING AGREEMENT,DRAGONSYSTEMSINC_01_08_1999-EX-10.17-OUTSOURCING AGREEMENT.txt,44,train,8599
"DRIVENDELIVERIES,INC_05_22_2020-EX-10.4-CONSULTING AGREEMENT","DRIVENDELIVERIES,INC_05_22_2020-EX-10.4-CONSULTING AGREEMENT.txt",41,test,27899
DRKOOPCOMINC_04_21_1999-EX-10.28-SPONSORSHIP AGREEMENT,DRKOOPCOMINC_04_21_1999-EX-10.28-SPONSORSHIP AGREEMENT.txt,48,train,39177
"DUOSTECHNOLOGIESGROUP,INC_04_21_2009-EX-10.1-STRATEGIC ALLIANCE AGREEMENT","DUOSTECHNOLOGIESGROUP,INC_04_21_2009-EX-10.1-STRATEGIC ALLIANCE AGREEMENT.txt",57,train,46298
DYNAMEXINC_06_06_1996-EX-10.4-TRANSPORTATION SERVICES AGREEMENT,DYNAMEXINC_06_06_1996-EX-10.4-TRANSPORTATION SERVICES AGREEMENT.txt,56,train,49218
DYNTEKINC_07_30_1999-EX-10-ONLINE HOSTING AGREEMENT,DYNTEKINC_07_30_1999-EX-10-ONLINE HOSTING AGREEMENT.txt,49,train,25214
DataCallTechnologies_20060918_SB-2A_EX-10.9_944510_EX-10.9_Content License Agreement,DataCallTechnologies_20060918_SB-2A_EX-10.9_944510_EX-10.9_Content License Agreement.txt,50,train,14171
DeltathreeInc_19991102_S-1A_EX-10.19_6227850_EX-10.19_Co-Branding Agreement_ Service Agreement,DeltathreeInc_19991102_S-1A_EX-10.19_6227850_EX-10.19_Co-Branding Agreement_ Service Agreement.txt,48,train,28825
DigitalCinemaDestinationsCorp_20111220_S-1_EX-10.10_7346719_EX-10.10_Affiliate Agreement,DigitalCinemaDestinationsCorp_20111220_S-1_EX-10.10_7346719_EX-10.10_Affiliate Agreement.txt,77,train,109014
DovaPharmaceuticalsInc_20181108_10-Q_EX-10.2_11414857_EX-10.2_Promotion Agreement,DovaPharmaceuticalsInc_20181108_10-Q_EX-10.2_11414857_EX-10.2_Promotion Agreement.txt,41,test,175580
ELANDIAINTERNATIONALINC_04_25_2007-EX-10.21-Outsourcing Agreement,ELANDIAINTERNATIONALINC_04_25_2007-EX-10.21-Outsourcing Agreement.txt,52,train,82889
ELECTRAMECCANICA VEHICLES CORP. - Manufacturing Agreement,ELECTRAMECCANICA VEHICLES CORP. - Manufacturing Agreement.txt,56,train,47889
"ELFBEAUTY,INC_07_02_2020-EX-10.1-COOPERATION AGREEMENT","ELFBEAUTY,INC_07_02_2020-EX-10.1-COOPERATION AGREEMENT.txt",51,train,45484
EMERALDHEALTHTHERAPEUTICSINC_06_10_2020-EX-4.5-CONSULTING AGREEMENT - DR. GAETANO MORELLO N.D. INC.,EMERALDHEALTHTHERAPEUTICSINC_06_10_2020-EX-4.5-CONSULTING AGREEMENT - DR. GAETANO MORELLO N.D. INC.txt,41,test,20637
ENERGOUSCORP_03_16_2017-EX-10.24-STRATEGIC ALLIANCE AGREEMENT,ENERGOUSCORP_03_16_2017-EX-10.24-STRATEGIC ALLIANCE AGREEMENT.txt,76,train,81926
ENERGYXXILTD_05_08_2015-EX-10.13-Transportation AGREEMENT,ENERGYXXILTD_05_08_2015-EX-10.13-Transportation AGREEMENT.txt,50,train,60982
ENTERPRISEPRODUCTSPARTNERSLP_07_08_1998-EX-10.3-TRANSPORTATION CONTRACT,ENTERPRISEPRODUCTSPARTNERSLP_07_08_1998-EX-10.3-TRANSPORTATION CONTRACT.txt,62,train,74915
ENTERTAINMENTGAMINGASIAINC_02_15_2005-EX-10.5-DISTRIBUTOR AGREEMENT,ENTERTAINMENTGAMINGASIAINC_02_15_2005-EX-10.5-DISTRIBUTOR AGREEMENT.txt,58,train,44702
ENTRUSTINC_07_24_1998-EX-10.5-STRATEGIC ALLIANCE AGREEMENT,ENTRUSTINC_07_24_1998-EX-10.5-STRATEGIC ALLIANCE AGREEMENT.txt,64,train,45879
"ETELOS,INC_03_09_2004-EX-10.8-DISTRIBUTOR AGREEMENT","ETELOS,INC_03_09_2004-EX-10.8-DISTRIBUTOR AGREEMENT.txt",50,train,25647
EUROPEANMICROHOLDINGSINC_03_06_1998-EX-10.6-DISTRIBUTOR AGREEMENT,EUROPEANMICROHOLDINGSINC_03_06_1998-EX-10.6-DISTRIBUTOR AGREEMENT.txt,58,train,56952
EbixInc_20010515_10-Q_EX-10.3_4049767_EX-10.3_Co-Branding Agreement,EbixInc_20010515_10-Q_EX-10.3_4049767_EX-10.3_Co-Branding Agreement.txt,41,test,42972
EcoScienceSolutionsInc_20171117_8-K_EX-10.1_10956472_EX-10.1_Endorsement Agreement,EcoScienceSolutionsInc_20171117_8-K_EX-10.1_10956472_EX-10.1_Endorsement Agreement.txt,44,train,18104
EcoScienceSolutionsInc_20180406_8-K_EX-10.1_11135398_EX-10.1_Sponsorship Agreement,EcoScienceSolutionsInc_20180406_8-K_EX-10.1_11135398_EX-10.1_Sponsorship Agreement.txt,41,test,8052
EdietsComInc_20001030_10QSB_EX-10.4_2606646_EX-10.4_Co-Branding Agreement,EdietsComInc_20001030_10QSB_EX-10.4_2606646_EX-10.4_Co-Branding Agreement.txt,68,train,64192
EhaveInc_20190515_20-F_EX-4.44_11678816_EX-4.44_License Agreement_ Reseller Agreement,EhaveInc_20190515_20-F_EX-4.44_11678816_EX-4.44_License Agreement_ Reseller Agreement.txt,79,train,87070
ElPolloLocoHoldingsInc_20200306_10-K_EX-10.16_12041700_EX-10.16_Development Agreement,ElPolloLocoHoldingsInc_20200306_10-K_EX-10.16_12041700_EX-10.16_Development Agreement.txt,41,test,60618
EmbarkComInc_19991008_S-1A_EX-10.10_6487661_EX-10.10_Co-Branding Agreement,EmbarkComInc_19991008_S-1A_EX-10.10_6487661_EX-10.10_Co-Branding Agreement.txt,50,train,35136
EmeraldHealthBioceuticalsInc_20200218_1-A_EX1A-6 MAT CTRCT_11987205_EX1A-6 MAT CTRCT_Development Agreement,EmeraldHealthBioceuticalsInc_20200218_1-A_EX1A-6 MAT CTRCT_11987205_EX1A-6 MAT CTRCT_Development Agreement.txt,47,train,16459
EmmisCommunicationsCorp_20191125_8-K_EX-10.6_11906433_EX-10.6_Marketing Agreement,EmmisCommunicationsCorp_20191125_8-K_EX-10.6_11906433_EX-10.6_Marketing Agreement.txt,44,train,17300
EtonPharmaceuticalsInc_20191114_10-Q_EX-10.1_11893941_EX-10.1_Development Agreement,EtonPharmaceuticalsInc_20191114_10-Q_EX-10.1_11893941_EX-10.1_Development Agreement.txt,49,train,65651
EuromediaHoldingsCorp_20070215_10SB12G_EX-10.B(01)_525118_EX-10.B(01)_Content License Agreement,EuromediaHoldingsCorp_20070215_10SB12G_EX-10.B(01)_525118_EX-10.B(01)_Content License Agreement.txt,53,train,30050
ExactSciencesCorp_20180822_8-K_EX-10.1_11331629_EX-10.1_Promotion Agreement,ExactSciencesCorp_20180822_8-K_EX-10.1_11331629_EX-10.1_Promotion Agreement.txt,62,train,159187
FEDERATEDGOVERNMENTINCOMESECURITIESINC_04_28_2020-EX-99.SERV AGREE-SERVICES AGREEMENT,FEDERATEDGOVERNMENTINCOMESECURITIESINC_04_28_2020-EX-99.SERV AGREE-SERVICES AGREEMENT.txt,45,train,11043
FEDERATEDGOVERNMENTINCOMESECURITIESINC_04_28_2020-EX-99.SERV AGREE-SERVICES AGREEMENT_AMENDMENT,FEDERATEDGOVERNMENTINCOMESECURITIESINC_04_28_2020-EX-99.SERV AGREE-SERVICES AGREEMENT_AMENDMENT.txt,44,train,3860
FEDERATEDGOVERNMENTINCOMESECURITIESINC_04_28_2020-EX-99.SERV AGREE-SERVICES AGREEMENT_POWEROF,FEDERATEDGOVERNMENTINCOMESECURITIESINC_04_28_2020-EX-99.SERV AGREE-SERVICES AGREEMENT_POWEROF.txt,41,test,14384
FEDERATEDGOVERNMENTINCOMESECURITIESINC_04_28_2020-EX-99.SERV AGREE-SERVICES AGREEMENT_SECONDAMENDMENT,FEDERATEDGOVERNMENTINCOMESECURITIESINC_04_28_2020-EX-99.SERV AGREE-SERVICES AGREEMENT_SECONDAMENDMENT.txt,44,train,5466
FIBROGENINC_10_01_2014-EX-10.11-COLLABORATION AGREEMENT,FIBROGENINC_10_01_2014-EX-10.11-COLLABORATION AGREEMENT.txt,70,train,155655
"FIDELITYNATIONALINFORMATIONSERVICES,INC_08_05_2009-EX-10.3-INTELLECTUAL PROPERTY AGREEMENT","FIDELITYNATIONALINFORMATIONSERVICES,INC_08_05_2009-EX-10.3-INTELLECTUAL PROPERTY AGREEMENT.txt",96,train,155463
FLOTEKINDUSTRIESINCCN_05_09_2019-EX-10.1-SUPPLY AGREEMENT,FLOTEKINDUSTRIESINCCN_05_09_2019-EX-10.1-SUPPLY AGREEMENT.txt,48,train,19355
"FOUNDATIONMEDICINE,INC_02_02_2015-EX-10.2-Collaboration Agreement","FOUNDATIONMEDICINE,INC_02_02_2015-EX-10.2-Collaboration Agreement.txt",97,train,172142
"FTENETWORKS,INC_02_18_2016-EX-99.4-STRATEGIC ALLIANCE AGREEMENT","FTENETWORKS,INC_02_18_2016-EX-99.4-STRATEGIC ALLIANCE AGREEMENT.txt",58,train,37829
FUSIONPHARMACEUTICALSINC_06_05_2020-EX-10.17-Supply Agreement - FUSION,FUSIONPHARMACEUTICALSINC_06_05_2020-EX-10.17-Supply Agreement - FUSION.txt,55,train,40597
FerroglobePlc_20150624_F-4A_EX-10.20_9154746_EX-10.20_Outsourcing Agreement,FerroglobePlc_20150624_F-4A_EX-10.20_9154746_EX-10.20_Outsourcing Agreement.txt,45,train,30309
Freecook_20180605_S-1_EX-10.3_11233807_EX-10.3_Hosting Agreement,Freecook_20180605_S-1_EX-10.3_11233807_EX-10.3_Hosting Agreement.txt,45,train,6341
FreezeTagInc_20180411_8-K_EX-10.1_11139603_EX-10.1_Sponsorship Agreement,FreezeTagInc_20180411_8-K_EX-10.1_11139603_EX-10.1_Sponsorship Agreement.txt,41,test,26753
FuelcellEnergyInc_20191106_8-K_EX-10.1_11868007_EX-10.1_Development Agreement,FuelcellEnergyInc_20191106_8-K_EX-10.1_11868007_EX-10.1_Development Agreement.txt,80,train,105662
FulucaiProductionsLtd_20131223_10-Q_EX-10.9_8368347_EX-10.9_Content License Agreement,FulucaiProductionsLtd_20131223_10-Q_EX-10.9_8368347_EX-10.9_Content License Agreement.txt,57,train,18562
FuseMedicalInc_20190321_10-K_EX-10.43_11575454_EX-10.43_Distributor Agreement,FuseMedicalInc_20190321_10-K_EX-10.43_11575454_EX-10.43_Distributor Agreement.txt,48,train,32502
GAINSCOINC_01_21_2010-EX-10.41-SPONSORSHIP AGREEMENT,GAINSCOINC_01_21_2010-EX-10.41-SPONSORSHIP AGREEMENT.txt,54,train,15696
GALACTICOMMTECHNOLOGIESINC_11_07_1997-EX-10.46-WEB HOSTING AGREEMENT,GALACTICOMMTECHNOLOGIESINC_11_07_1997-EX-10.46-WEB HOSTING AGREEMENT.txt,42,train,1660
"GALERATHERAPEUTICS,INC_02_14_2020-EX-99.A-JOINT FILING AGREEMENT","GALERATHERAPEUTICS,INC_02_14_2020-EX-99.A-JOINT FILING AGREEMENT.txt",41,test,3892
"GIGGLESN_HUGS,INC_06_23_2016-EX-10.2-STRATEGIC ALLIANCE AGREEMENT","GIGGLESN_HUGS,INC_06_23_2016-EX-10.2-STRATEGIC ALLIANCE AGREEMENT.txt",50,train,22359
GLOBALTECHNOLOGIESLTD_06_08_2020-EX-10.16-CONSULTING AGREEMENT,GLOBALTECHNOLOGIESLTD_06_08_2020-EX-10.16-CONSULTING AGREEMENT.txt,45,train,20805
GOCALLINC_03_30_2000-EX-10.7-Promotion Agreement,GOCALLINC_03_30_2000-EX-10.7-Promotion Agreement.txt,45,train,22348
GOLDRESOURCECORP_12_11_2008-EX-10.1-STRATEGIC ALLIANCE AGREEMENT,GOLDRESOURCECORP_12_11_2008-EX-10.1-STRATEGIC ALLIANCE AGREEMENT.txt,66,train,55434
"GOOSEHEADINSURANCE,INC_04_02_2018-EX-10.6-Franchise Agreement","GOOSEHEADINSURANCE,INC_04_02_2018-EX-10.6-Franchise Agreement.txt",41,test,300768
GRANTIERRAENERGYINC_05_07_2012-EX-10.6-TRANSPORTATION CONTRACT,GRANTIERRAENERGYINC_05_07_2012-EX-10.6-TRANSPORTATION CONTRACT.txt,41,test,229670
"GRIDIRONBIONUTRIENTS,INC_02_05_2020-EX-10.3-SUPPLY AGREEMENT","GRIDIRONBIONUTRIENTS,INC_02_05_2020-EX-10.3-SUPPLY AGREEMENT.txt",45,train,5713
"GSITECHNOLOGYINC_11_16_2009-EX-10.2-INTELLECTUAL PROPERTY AGREEMENT between SONY ELECTRONICS INC. and GSI TECHNOLOGY, INC.","GSITECHNOLOGYINC_11_16_2009-EX-10.2-INTELLECTUAL PROPERTY AGREEMENT between SONY ELECTRONICS INC. and GSI TECHNOLOGY, INC.txt",41,test,37337
GSVINC_05_15_1998-EX-10-SPONSORSHIP AGREEMENT,GSVINC_05_15_1998-EX-10-SPONSORSHIP AGREEMENT.txt,50,train,50835
GULFSOUTHMEDICALSUPPLYINC_12_24_1997-EX-4-AFFILIATE AGREEMENT,GULFSOUTHMEDICALSUPPLYINC_12_24_1997-EX-4-AFFILIATE AGREEMENT.txt,46,train,27015
"GWG HOLDINGS, INC. - ORDERLY MARKETING AGREEMENT","GWG HOLDINGS, INC. - ORDERLY MARKETING AGREEMENT.txt",46,train,25450
GarrettMotionInc_20181001_8-K_EX-2.4_11364532_EX-2.4_Intellectual Property Agreement,GarrettMotionInc_20181001_8-K_EX-2.4_11364532_EX-2.4_Intellectual Property Agreement.txt,58,train,56509
GentechHoldingsInc_20190808_1-A_EX1A-6 MAT CTRCT_11776814_EX1A-6 MAT CTRCT_Distributor Agreement,GentechHoldingsInc_20190808_1-A_EX1A-6 MAT CTRCT_11776814_EX1A-6 MAT CTRCT_Distributor Agreement.txt,47,train,26733
GlobalTechnologiesGroupInc_20050928_10KSB_EX-10.9_4148808_EX-10.9_Content License Agreement,GlobalTechnologiesGroupInc_20050928_10KSB_EX-10.9_4148808_EX-10.9_Content License Agreement.txt,46,train,39596
GluMobileInc_20070319_S-1A_EX-10.09_436630_EX-10.09_Content License Agreement1,GluMobileInc_20070319_S-1A_EX-10.09_436630_EX-10.09_Content License Agreement1.txt,87,train,112794
GluMobileInc_20070319_S-1A_EX-10.09_436630_EX-10.09_Content License Agreement2,GluMobileInc_20070319_S-1A_EX-10.09_436630_EX-10.09_Content License Agreement2.txt,57,train,11954
GluMobileInc_20070319_S-1A_EX-10.09_436630_EX-10.09_Content License Agreement3,GluMobileInc_20070319_S-1A_EX-10.09_436630_EX-10.09_Content License Agreement3.txt,46,train,3422
GluMobileInc_20070319_S-1A_EX-10.09_436630_EX-10.09_Content License Agreement4,GluMobileInc_20070319_S-1A_EX-10.09_436630_EX-10.09_Content License Agreement4.txt,45,train,1902
GopageCorp_20140221_10-K_EX-10.1_8432966_EX-10.1_Content License Agreement,GopageCorp_20140221_10-K_EX-10.1_8432966_EX-10.1_Content License Agreement.txt,49,train,39622
GpaqAcquisitionHoldingsInc_20200123_S-4A_EX-10.6_11951677_EX-10.6_License Agreement,GpaqAcquisitionHoldingsInc_20200123_S-4A_EX-10.6_11951677_EX-10.6_License Agreement.txt,66,train,45234
GpaqAcquisitionHoldingsInc_20200123_S-4A_EX-10.8_11951679_EX-10.8_Service Agreement,GpaqAcquisitionHoldingsInc_20200123_S-4A_EX-10.8_11951679_EX-10.8_Service Agreement.txt,41,test,55075
GridironBionutrientsInc_20171206_8-K_EX-10.1_10972555_EX-10.1_Endorsement Agreement,GridironBionutrientsInc_20171206_8-K_EX-10.1_10972555_EX-10.1_Endorsement Agreement.txt,41,test,29208
GridironBionutrientsInc_20171206_8-K_EX-10.2_10972556_EX-10.2_Endorsement Agreement,GridironBionutrientsInc_20171206_8-K_EX-10.2_10972556_EX-10.2_Endorsement Agreement.txt,41,test,3456
"HALITRON,INC_03_01_2005-EX-10.15-SPONSORSHIP AND DEVELOPMENT AGREEMENT","HALITRON,INC_03_01_2005-EX-10.15-SPONSORSHIP AND DEVELOPMENT AGREEMENT.txt",41,test,30102
"HC2HOLDINGS,INC_05_14_2020-EX-10.1-COOPERATION AGREEMENT","HC2HOLDINGS,INC_05_14_2020-EX-10.1-COOPERATION AGREEMENT.txt",41,test,54866
HEALTHGATEDATACORP_11_24_1999-EX-10.1-HOSTING AND MANAGEMENT AGREEMENT (1),HEALTHGATEDATACORP_11_24_1999-EX-10.1-HOSTING AND MANAGEMENT AGREEMENT (1).txt,69,train,148691
HEALTHGATEDATACORP_11_24_1999-EX-10.1-HOSTING AND MANAGEMENT AGREEMENT - Escrow Agreement,HEALTHGATEDATACORP_11_24_1999-EX-10.1-HOSTING AND MANAGEMENT AGREEMENT - Escrow Agreement.txt,50,train,35612
"HEMISPHERX - Sales, Marketing, Distribution, and Supply Agreement","HEMISPHERX - Sales, Marketing, Distribution, and Supply Agreement.txt",41,test,73685
"HERTZGLOBALHOLDINGS,INC_07_07_2016-EX-10.4-INTELLECTUAL PROPERTY AGREEMENT","HERTZGLOBALHOLDINGS,INC_07_07_2016-EX-10.4-INTELLECTUAL PROPERTY AGREEMENT.txt",41,test,30968
HOLIDAYRVSUPERSTORESINC_04_15_2002-EX-10.13-ENDORSEMENT AGREEMENT,HOLIDAYRVSUPERSTORESINC_04_15_2002-EX-10.13-ENDORSEMENT AGREEMENT.txt,47,train,14157
"HOSPITALITYINVESTORSTRUST,INC_04_07_2014-EX-10.26-FRANCHISE AGREEMENT","HOSPITALITYINVESTORSTRUST,INC_04_07_2014-EX-10.26-FRANCHISE AGREEMENT.txt",73,train,146992
HPILHOLDING_01_07_2015-EX-99.1-COOPERATION AGREEMENT,HPILHOLDING_01_07_2015-EX-99.1-COOPERATION AGREEMENT.txt,41,test,20008
HUBEIMINKANGPHARMACEUTICALLTD_09_19_2006-EX-10.1-OUTSOURCING AGREEMENT,HUBEIMINKANGPHARMACEUTICALLTD_09_19_2006-EX-10.1-OUTSOURCING AGREEMENT.txt,46,train,11322
HYDRONTECHNOLOGIESINC_03_31_1997-EX-10.47-SPONSORSHIP AGREEMENT,HYDRONTECHNOLOGIESINC_03_31_1997-EX-10.47-SPONSORSHIP AGREEMENT.txt,45,train,28932
HYPERIONSOFTWARECORP_09_28_1994-EX-10.47-EXCLUSIVE DISTRIBUTOR AGREEMENT,HYPERIONSOFTWARECORP_09_28_1994-EX-10.47-EXCLUSIVE DISTRIBUTOR AGREEMENT.txt,52,train,37682
HarpoonTherapeuticsInc_20200312_10-K_EX-10.18_12051356_EX-10.18_Development Agreement,HarpoonTherapeuticsInc_20200312_10-K_EX-10.18_12051356_EX-10.18_Development Agreement.txt,41,test,249551
HealthcareIntegratedTechnologiesInc_20190812_8-K_EX-10.1_11776966_EX-10.1_Reseller Agreement,HealthcareIntegratedTechnologiesInc_20190812_8-K_EX-10.1_11776966_EX-10.1_Reseller Agreement.txt,48,train,22288
HealthcentralCom_19991108_S-1A_EX-10.27_6623292_EX-10.27_Co-Branding Agreement,HealthcentralCom_19991108_S-1A_EX-10.27_6623292_EX-10.27_Co-Branding Agreement.txt,56,train,45042
HerImports_20161018_8-KA_EX-10.14_9765707_EX-10.14_Maintenance Agreement,HerImports_20161018_8-KA_EX-10.14_9765707_EX-10.14_Maintenance Agreement.txt,44,train,10217
HertzGroupRealtyTrustInc_20190920_S-11A_EX-10.8_11816941_EX-10.8_Trademark License Agreement,HertzGroupRealtyTrustInc_20190920_S-11A_EX-10.8_11816941_EX-10.8_Trademark License Agreement.txt,44,train,14313
HfEnterprisesInc_20191223_S-1_EX-10.22_11931299_EX-10.22_Development Agreement,HfEnterprisesInc_20191223_S-1_EX-10.22_11931299_EX-10.22_Development Agreement.txt,41,test,19435
ICORECONNECTINC_10_13_2010-EX-7.1-Strategic Alliance Agreement,ICORECONNECTINC_10_13_2010-EX-7.1-Strategic Alliance Agreement.txt,41,test,25246
IDREAMSKYTECHNOLOGYLTD_07_03_2014-EX-10.39-Cooperation Agreement on Mobile Game Business,IDREAMSKYTECHNOLOGYLTD_07_03_2014-EX-10.39-Cooperation Agreement on Mobile Game Business.txt,56,train,76425
IGENEBIOTECHNOLOGYINC_05_13_2003-EX-1-JOINT VENTURE AGREEMENT,IGENEBIOTECHNOLOGYINC_05_13_2003-EX-1-JOINT VENTURE AGREEMENT.txt,54,train,70625
IMAGEWARESYSTEMSINC_12_20_1999-EX-10.22-MAINTENANCE AGREEMENT,IMAGEWARESYSTEMSINC_12_20_1999-EX-10.22-MAINTENANCE AGREEMENT.txt,46,train,21778
IMMUNOMEDICSINC_08_07_2019-EX-10.1-PROMOTION AGREEMENT,IMMUNOMEDICSINC_08_07_2019-EX-10.1-PROMOTION AGREEMENT.txt,56,train,154812
IMPCOTECHNOLOGIESINC_04_15_2003-EX-10.65-JOINT VENTURE AGREEMENT,IMPCOTECHNOLOGIESINC_04_15_2003-EX-10.65-JOINT VENTURE AGREEMENT.txt,41,test,63439
INGEVITYCORP_05_16_2016-EX-10.5-INTELLECTUAL PROPERTY AGREEMENT,INGEVITYCORP_05_16_2016-EX-10.5-INTELLECTUAL PROPERTY AGREEMENT.txt,41,test,63376
INKTOMICORP_06_08_1998-EX-10.14-SOFTWARE HOSTING AGREEMENT,INKTOMICORP_06_08_1998-EX-10.14-SOFTWARE HOSTING AGREEMENT.txt,51,train,70664
"INNOVIVA,INC_08_07_2014-EX-10.1-COLLABORATION AGREEMENT","INNOVIVA,INC_08_07_2014-EX-10.1-COLLABORATION AGREEMENT.txt",76,train,191775
"INTELLIGENTHIGHWAYSOLUTIONS,INC_01_18_2018-EX-10.1-Strategic Alliance Agreement","INTELLIGENTHIGHWAYSOLUTIONS,INC_01_18_2018-EX-10.1-Strategic Alliance Agreement.txt",44,train,8288
INTERNATIONALFASTFOODCORP_04_04_1997-EX-99-FRANCHISE AGREEMENT,INTERNATIONALFASTFOODCORP_04_04_1997-EX-99-FRANCHISE AGREEMENT.txt,88,train,116873
"INTERSECTENT,INC_05_11_2020-EX-10.1-SUPPLY AGREEMENT","INTERSECTENT,INC_05_11_2020-EX-10.1-SUPPLY AGREEMENT.txt",46,train,37970
INTRICONCORP_03_10_2009-EX-10.22-Strategic Alliance Agreement,INTRICONCORP_03_10_2009-EX-10.22-Strategic Alliance Agreement.txt,60,train,52967
"IOVANCEBIOTHERAPEUTICS,INC_08_03_2017-EX-10.1-STRATEGIC ALLIANCE AGREEMENT","IOVANCEBIOTHERAPEUTICS,INC_08_03_2017-EX-10.1-STRATEGIC ALLIANCE AGREEMENT.txt",54,train,69147
"IPAYMENT,INC_05_14_2007-EX-10.1-SPONSORSHIP AGREEMENT","IPAYMENT,INC_05_14_2007-EX-10.1-SPONSORSHIP AGREEMENT.txt",60,train,96662
IVILLAGEINC_03_17_1999-EX-10.16-SPONSORSHIP AGREEMENT,IVILLAGEINC_03_17_1999-EX-10.16-SPONSORSHIP AGREEMENT.txt,51,train,23723
IbioInc_20200313_8-K_EX-10.1_12052678_EX-10.1_Development Agreement,IbioInc_20200313_8-K_EX-10.1_12052678_EX-10.1_Development Agreement.txt,46,train,30544
IdeanomicsInc_20151124_8-K_EX-10.2_9354744_EX-10.2_Content License Agreement,IdeanomicsInc_20151124_8-K_EX-10.2_9354744_EX-10.2_Content License Agreement.txt,41,test,35189
IdeanomicsInc_20160330_10-K_EX-10.26_9512211_EX-10.26_Content License Agreement,IdeanomicsInc_20160330_10-K_EX-10.26_9512211_EX-10.26_Content License Agreement.txt,55,train,40866
ImineCorp_20180725_S-1_EX-10.5_11275970_EX-10.5_Distributor Agreement,ImineCorp_20180725_S-1_EX-10.5_11275970_EX-10.5_Distributor Agreement.txt,49,train,34461
ImperialGardenResortInc_20161028_DRS (on F-1)_EX-10.13_9963189_EX-10.13_Outsourcing Agreement,ImperialGardenResortInc_20161028_DRS (on F-1)_EX-10.13_9963189_EX-10.13_Outsourcing Agreement.txt,44,train,12260
ImpresseCorp_20000322_S-1A_EX-10.11_5199234_EX-10.11_Co-Branding Agreement,ImpresseCorp_20000322_S-1A_EX-10.11_5199234_EX-10.11_Co-Branding Agreement.txt,55,train,47639
InmodeLtd_20190729_F-1A_EX-10.9_11743243_EX-10.9_Manufacturing Agreement,InmodeLtd_20190729_F-1A_EX-10.9_11743243_EX-10.9_Manufacturing Agreement.txt,47,train,39588
InnerscopeHearingTechnologiesInc_20181109_8-K_EX-10.6_11419704_EX-10.6_Distributor Agreement,InnerscopeHearingTechnologiesInc_20181109_8-K_EX-10.6_11419704_EX-10.6_Distributor Agreement.txt,53,train,22396
IntegrityFunds_20200121_485BPOS_EX-99.E UNDR CONTR_11948727_EX-99.E UNDR CONTR_Service Agreement,IntegrityFunds_20200121_485BPOS_EX-99.E UNDR CONTR_11948727_EX-99.E UNDR CONTR_Service Agreement.txt,44,train,23845
IntegrityMediaInc_20010329_10-K405_EX-10.17_2373875_EX-10.17_Co-Branding Agreement,IntegrityMediaInc_20010329_10-K405_EX-10.17_2373875_EX-10.17_Co-Branding Agreement.txt,41,test,29253
InvendaCorp_20000828_S-1A_EX-10.2_2588206_EX-10.2_Co-Branding Agreement,InvendaCorp_20000828_S-1A_EX-10.2_2588206_EX-10.2_Co-Branding Agreement.txt,81,train,114759
IpassInc_20181203_8-K_EX-99.1_11445874_EX-99.1_Reseller Agreement,IpassInc_20181203_8-K_EX-99.1_11445874_EX-99.1_Reseller Agreement.txt,53,train,73860
JINGWEIINTERNATIONALLTD_10_04_2007-EX-10.7-INTELLECTUAL PROPERTY AGREEMENT,JINGWEIINTERNATIONALLTD_10_04_2007-EX-10.7-INTELLECTUAL PROPERTY AGREEMENT.txt,48,train,15298
JOINTCORP_09_19_2014-EX-10.15-FRANCHISE AGREEMENT,JOINTCORP_09_19_2014-EX-10.15-FRANCHISE AGREEMENT.txt,102,train,167259
KALLOINC_11_03_2011-EX-10.1-STRATEGIC ALLIANCE AGREEMENT,KALLOINC_11_03_2011-EX-10.1-STRATEGIC ALLIANCE AGREEMENT.txt,55,train,75458
KENTUCKYUTILITIESCO_03_25_2003-EX-10.65-TRANSPORTATION AGREEMENT,KENTUCKYUTILITIESCO_03_25_2003-EX-10.65-TRANSPORTATION AGREEMENT.txt,41,test,16901
KINGPHARMACEUTICALSINC_08_09_2006-EX-10.1-PROMOTION AGREEMENT,KINGPHARMACEUTICALSINC_08_09_2006-EX-10.1-PROMOTION AGREEMENT.txt,84,train,173240
"KIROMICBIOPHARMA,INC_04_08_2020-EX-10.28-JOINT VENTURE AGREEMENT","KIROMICBIOPHARMA,INC_04_08_2020-EX-10.28-JOINT VENTURE AGREEMENT.txt",49,train,36610
"KIROMICBIOPHARMA,INC_05_11_2020-EX-10.23-CONSULTING AGREEMENT","KIROMICBIOPHARMA,INC_05_11_2020-EX-10.23-CONSULTING AGREEMENT.txt",51,train,18403
"KNOWLABS,INC_08_15_2005-EX-10-INTELLECTUAL PROPERTY AGREEMENT","KNOWLABS,INC_08_15_2005-EX-10-INTELLECTUAL PROPERTY AGREEMENT.txt",48,train,14792
"KUBIENT,INC_07_02_2020-EX-10.14-MASTER SERVICES AGREEMENT_Part1","KUBIENT,INC_07_02_2020-EX-10.14-MASTER SERVICES AGREEMENT_Part1.txt",47,train,26108
"KUBIENT,INC_07_02_2020-EX-10.14-MASTER SERVICES AGREEMENT_Part2","KUBIENT,INC_07_02_2020-EX-10.14-MASTER SERVICES AGREEMENT_Part2.txt",46,train,7600
KitovPharmaLtd_20190326_20-F_EX-4.15_11584449_EX-4.15_Manufacturing Agreement,KitovPharmaLtd_20190326_20-F_EX-4.15_11584449_EX-4.15_Manufacturing Agreement.txt,56,train,57436
LECLANCHEÃÅ S.A. - JOINT DEVELOPMENT AND MARKETING AGREEMENT,LECLANCHE_ S.A. - JOINT DEVELOPMENT AND MARKETING AGREEMENT.txt,47,train,20380
"LEGACYTECHNOLOGYHOLDINGS,INC_12_09_2005-EX-10.2-DISTRIBUTOR AGREEMENT","LEGACYTECHNOLOGYHOLDINGS,INC_12_09_2005-EX-10.2-DISTRIBUTOR AGREEMENT.txt",49,train,15113
LEJUHOLDINGSLTD_03_12_2014-EX-10.34-INTERNET CHANNEL COOPERATION AGREEMENT,LEJUHOLDINGSLTD_03_12_2014-EX-10.34-INTERNET CHANNEL COOPERATION AGREEMENT.txt,51,train,37031
LIGHTBRIDGECORP_11_23_2015-EX-10.26-STRATEGIC ALLIANCE AGREEMENT,LIGHTBRIDGECORP_11_23_2015-EX-10.26-STRATEGIC ALLIANCE AGREEMENT.txt,44,train,19386
LIMEENERGYCO_09_09_1999-EX-10-DISTRIBUTOR AGREEMENT,LIMEENERGYCO_09_09_1999-EX-10-DISTRIBUTOR AGREEMENT.txt,68,train,54290
LOGANSROADHOUSEINC_03_27_1998-EX-10.17-SPONSORSHIP AGREEMENT,LOGANSROADHOUSEINC_03_27_1998-EX-10.17-SPONSORSHIP AGREEMENT.txt,51,train,19171
LOOKSMARTLTD_07_20_2012-EX-99.(D)(I)-SPONSORSHIP AGREEMENT,LOOKSMARTLTD_07_20_2012-EX-99.(D)(I)-SPONSORSHIP AGREEMENT.txt,41,test,25922
LOYALTYPOINTINC_11_16_2004-EX-10.2-RESELLER AGREEMENT,LOYALTYPOINTINC_11_16_2004-EX-10.2-RESELLER AGREEMENT.txt,57,train,117478
LUCIDINC_04_15_2011-EX-10.9-DISTRIBUTOR AGREEMENT,LUCIDINC_04_15_2011-EX-10.9-DISTRIBUTOR AGREEMENT.txt,48,train,15540
LeadersonlineInc_20000427_S-1A_EX-10.8_4991089_EX-10.8_Co-Branding Agreement,LeadersonlineInc_20000427_S-1A_EX-10.8_4991089_EX-10.8_Co-Branding Agreement.txt,66,train,55296
LegacyEducationAllianceInc_20141110_8-K_EX-10.9_8828866_EX-10.9_Endorsement Agreement,LegacyEducationAllianceInc_20141110_8-K_EX-10.9_8828866_EX-10.9_Endorsement Agreement.txt,46,train,19913
LegacyEducationAllianceInc_20200330_10-K_EX-10.18_12090678_EX-10.18_Development Agreement,LegacyEducationAllianceInc_20200330_10-K_EX-10.18_12090678_EX-10.18_Development Agreement.txt,66,train,46255
LejuHoldingsLtd_20140121_DRS (on F-1)_EX-10.26_8473102_EX-10.26_Content License Agreement1,LejuHoldingsLtd_20140121_DRS (on F-1)_EX-10.26_8473102_EX-10.26_Content License Agreement1.txt,49,train,46696
LejuHoldingsLtd_20140121_DRS (on F-1)_EX-10.26_8473102_EX-10.26_Content License Agreement2,LejuHoldingsLtd_20140121_DRS (on F-1)_EX-10.26_8473102_EX-10.26_Content License Agreement2.txt,44,train,2180
LifewayFoodsInc_20160316_10-K_EX-10.24_9489766_EX-10.24_Endorsement Agreement,LifewayFoodsInc_20160316_10-K_EX-10.24_9489766_EX-10.24_Endorsement Agreement.txt,44,train,10996
LinkPlusCorp_20050802_8-K_EX-10_3240252_EX-10_Affiliate Agreement,LinkPlusCorp_20050802_8-K_EX-10_3240252_EX-10_Affiliate Agreement.txt,59,train,25619
LiquidmetalTechnologiesInc_20200205_8-K_EX-10.1_11968198_EX-10.1_Development Agreement,LiquidmetalTechnologiesInc_20200205_8-K_EX-10.1_11968198_EX-10.1_Development Agreement.txt,74,train,83972
LohaCompanyltd_20191209_F-1_EX-10.16_11917878_EX-10.16_Supply Agreement,LohaCompanyltd_20191209_F-1_EX-10.16_11917878_EX-10.16_Supply Agreement.txt,41,test,11475
"Loop Industries, Inc. - Marketing Agreement","Loop Industries, Inc. - Marketing Agreement.txt",47,train,34740
MACROGENICSINC_08_02_2013-EX-10-COLLABORATION AGREEMENT,MACROGENICSINC_08_02_2013-EX-10-COLLABORATION AGREEMENT.txt,72,train,163199
"MACY_S,INC_05_11_2020-EX-99.4-JOINT FILING AGREEMENT","MACY_S,INC_05_11_2020-EX-99.4-JOINT FILING AGREEMENT.txt",43,train,1397
MANAKOASERVICESCORP_11_21_2007-EX-7.5-STRATEGIC ALLIANCE AGREEMENT,MANAKOASERVICESCORP_11_21_2007-EX-7.5-STRATEGIC ALLIANCE AGREEMENT.txt,45,train,14879
MANUFACTURERSSERVICESLTD_06_05_2000-EX-10.14-OUTSOURCING AGREEMENT,MANUFACTURERSSERVICESLTD_06_05_2000-EX-10.14-OUTSOURCING AGREEMENT.txt,84,train,338211
"MARSHALLHOLDINGSINTERNATIONAL,INC_04_14_2004-EX-10.15-ENDORSEMENT AGREEMENT","MARSHALLHOLDINGSINTERNATIONAL,INC_04_14_2004-EX-10.15-ENDORSEMENT AGREEMENT.txt",49,train,12962
MARTINMIDSTREAMPARTNERSLP_01_23_2004-EX-10.3-TRANSPORTATION SERVICES AGREEMENT,MARTINMIDSTREAMPARTNERSLP_01_23_2004-EX-10.3-TRANSPORTATION SERVICES AGREEMENT.txt,45,train,13995
"MEDALISTDIVERSIFIEDREIT,INC_05_18_2020-EX-10.1-CONSULTING AGREEMENT","MEDALISTDIVERSIFIEDREIT,INC_05_18_2020-EX-10.1-CONSULTING AGREEMENT.txt",56,train,24315
MEDIWOUNDLTD_01_15_2014-EX-10.6-SUPPLY AGREEMENT,MEDIWOUNDLTD_01_15_2014-EX-10.6-SUPPLY AGREEMENT.txt,53,train,49915
"MEETGROUP,INC_06_29_2017-EX-10.1-COOPERATION AGREEMENT","MEETGROUP,INC_06_29_2017-EX-10.1-COOPERATION AGREEMENT.txt",49,train,59532
MERCATAINC_03_09_2000-EX-10.21-SPONSORSHIP AGREEMENT,MERCATAINC_03_09_2000-EX-10.21-SPONSORSHIP AGREEMENT.txt,45,train,23672
MERITLIFEINSURANCECO_06_19_2020-EX-10.(XIV)-MASTER SERVICES AGREEMENT,MERITLIFEINSURANCECO_06_19_2020-EX-10.(XIV)-MASTER SERVICES AGREEMENT.txt,41,test,22090
"MFAFINANCIAL,INC_07_06_2020-EX-99.D-JOINT FILING AGREEMENT","MFAFINANCIAL,INC_07_06_2020-EX-99.D-JOINT FILING AGREEMENT.txt",41,test,3595
"MIDDLEBROOKPHARMACEUTICALS,INC_03_18_2010-EX-10.1-PROMOTION AGREEMENT","MIDDLEBROOKPHARMACEUTICALS,INC_03_18_2010-EX-10.1-PROMOTION AGREEMENT.txt",49,train,57646
"MJBIOTECH,INC_12_06_2018-EX-99.01-JOINT VENTURE AGREEMENT","MJBIOTECH,INC_12_06_2018-EX-99.01-JOINT VENTURE AGREEMENT.txt",50,train,23582
MOELIS_CO_03_24_2014-EX-10.19-STRATEGIC ALLIANCE AGREEMENT,MOELIS_CO_03_24_2014-EX-10.19-STRATEGIC ALLIANCE AGREEMENT.txt,71,train,122054
MOSSIMOINC_04_14_2000-EX-10.14-ENDORSEMENT AGREEMENT,MOSSIMOINC_04_14_2000-EX-10.14-ENDORSEMENT AGREEMENT.txt,53,train,24307
MOVADOGROUPINC_04_30_2003-EX-10.28-ENDORSEMENT AGREEMENT,MOVADOGROUPINC_04_30_2003-EX-10.28-ENDORSEMENT AGREEMENT.txt,44,train,17627
MPLXLP_06_17_2015-EX-10.1-TRANSPORTATION SERVICES AGREEMENT,MPLXLP_06_17_2015-EX-10.1-TRANSPORTATION SERVICES AGREEMENT.txt,54,train,57631
MRSFIELDSORIGINALCOOKIESINC_01_29_1998-EX-10-FRANCHISE AGREEMENT,MRSFIELDSORIGINALCOOKIESINC_01_29_1998-EX-10-FRANCHISE AGREEMENT.txt,91,train,249359
MSCIINC_02_28_2008-EX-10.10-,MSCIINC_02_28_2008-EX-10.10-.txt,41,test,11770
MTITECHNOLOGYCORP_11_16_2004-EX-10.102-Reseller Agreement Premier Addendum,MTITECHNOLOGYCORP_11_16_2004-EX-10.102-Reseller Agreement Premier Addendum.txt,46,train,32744
"Magenta Therapeutics, Inc. - Master Development and Manufacturing Agreement","Magenta Therapeutics, Inc. - Master Development and Manufacturing Agreement.txt",56,train,73598
"MetLife, Inc. - Remarketing Agreement","MetLife, Inc. - Remarketing Agreement.txt",50,train,111249
Microgenics Corporation - Collaborative Development and Commercialization Agreement,Microgenics Corporation - Collaborative Development and Commercialization Agreement.txt,74,train,190261
MidwestEnergyEmissionsCorp_20080604_8-K_EX-10.2_3093976_EX-10.2_Content License Agreement,MidwestEnergyEmissionsCorp_20080604_8-K_EX-10.2_3093976_EX-10.2_Content License Agreement.txt,56,train,33917
Monsanto Company - SECOND A_R EXCLUSIVE AGENCY AND MARKETING AGREEMENT ,Monsanto Company - SECOND A_R EXCLUSIVE AGENCY AND MARKETING AGREEMENT.txt,41,test,221382
MorganStanleyDirectLendingFund_20191119_10-12GA_EX-10.5_11898508_EX-10.5_Trademark License Agreement,MorganStanleyDirectLendingFund_20191119_10-12GA_EX-10.5_11898508_EX-10.5_Trademark License Agreement.txt,52,train,16153
MphaseTechnologiesInc_20030911_10-K_EX-10.15_1560667_EX-10.15_Co-Branding Agreement,MphaseTechnologiesInc_20030911_10-K_EX-10.15_1560667_EX-10.15_Co-Branding Agreement.txt,41,test,8321
MusclepharmCorp_20170208_10-KA_EX-10.38_9893581_EX-10.38_Co-Branding Agreement,MusclepharmCorp_20170208_10-KA_EX-10.38_9893581_EX-10.38_Co-Branding Agreement.txt,41,test,87795
N2KINC_10_16_1997-EX-10.16-SPONSORSHIP AGREEMENT,N2KINC_10_16_1997-EX-10.16-SPONSORSHIP AGREEMENT.txt,41,test,49518
NANOPHASETECHNOLOGIESCORP_11_01_2005-EX-99.1-DISTRIBUTOR AGREEMENT,NANOPHASETECHNOLOGIESCORP_11_01_2005-EX-99.1-DISTRIBUTOR AGREEMENT.txt,58,train,48612
NATIONALPROCESSINGINC_07_18_1996-EX-10.4-SPONSORSHIP AGREEMENT,NATIONALPROCESSINGINC_07_18_1996-EX-10.4-SPONSORSHIP AGREEMENT.txt,44,train,32860
NELNETINC_04_08_2020-EX-1-JOINT FILING AGREEMENT,NELNETINC_04_08_2020-EX-1-JOINT FILING AGREEMENT.txt,42,train,1081
NEOMEDIATECHNOLOGIESINC_12_15_2005-EX-16.1-DISTRIBUTOR AGREEMENT,NEOMEDIATECHNOLOGIESINC_12_15_2005-EX-16.1-DISTRIBUTOR AGREEMENT.txt,54,train,36275
NEONSYSTEMSINC_03_01_1999-EX-10.5-DISTRIBUTOR AGREEMENT_Amendment,NEONSYSTEMSINC_03_01_1999-EX-10.5-DISTRIBUTOR AGREEMENT_Amendment.txt,61,train,21994
NEONSYSTEMSINC_03_01_1999-EX-10.5-DISTRIBUTOR AGREEMENT_New,NEONSYSTEMSINC_03_01_1999-EX-10.5-DISTRIBUTOR AGREEMENT_New.txt,63,train,61463
"NETGEAR,INC_04_21_2003-EX-10.16- AMENDMENT #2 TO THE DISTRIBUTION AGREEMENT","NETGEAR,INC_04_21_2003-EX-10.16- AMENDMENT No2 TO THE DISTRIBUTION AGREEMENT.txt",44,train,4567
"NETGEAR,INC_04_21_2003-EX-10.16-AMENDMENT TO THE DISTRIBUTOR AGREEMENT BETWEEN INGRAM MICRO AND NETGEAR","NETGEAR,INC_04_21_2003-EX-10.16-AMENDMENT TO THE DISTRIBUTOR AGREEMENT BETWEEN INGRAM MICRO AND NETGEAR.txt",44,train,8113
"NETGEAR,INC_04_21_2003-EX-10.16-DISTRIBUTOR AGREEMENT","NETGEAR,INC_04_21_2003-EX-10.16-DISTRIBUTOR AGREEMENT.txt",67,train,41501
NETGROCERINC_07_31_1998-EX-10.15-SPONSORSHIP AGREEMENT,NETGROCERINC_07_31_1998-EX-10.15-SPONSORSHIP AGREEMENT.txt,53,train,45040
NETZEEINC_11_14_2002-EX-10.3-MAINTENANCE AGREEMENT,NETZEEINC_11_14_2002-EX-10.3-MAINTENANCE AGREEMENT.txt,44,train,3474
NEXSTARFINANCEHOLDINGSINC_03_27_2002-EX-10.26-OUTSOURCING AGREEMENT,NEXSTARFINANCEHOLDINGSINC_03_27_2002-EX-10.26-OUTSOURCING AGREEMENT.txt,51,train,120459
NICELTD_06_26_2003-EX-4.5-OUTSOURCING AGREEMENT,NICELTD_06_26_2003-EX-4.5-OUTSOURCING AGREEMENT.txt,53,train,148163
"NOVOINTEGRATEDSCIENCES,INC_12_23_2019-EX-10.1-JOINT VENTURE AGREEMENT","NOVOINTEGRATEDSCIENCES,INC_12_23_2019-EX-10.1-JOINT VENTURE AGREEMENT.txt",41,test,21955
NUVEEN - REMARKETING AGREEMENT,NUVEEN - REMARKETING AGREEMENT.txt,49,train,70631
NYLIACVARIABLEANNUITYSEPARATEACCOUNTIII_04_10_2020-EX-99.8.KK-SERVICE AGREEMENT,NYLIACVARIABLEANNUITYSEPARATEACCOUNTIII_04_10_2020-EX-99.8.KK-SERVICE AGREEMENT.txt,45,train,6840
NakedBrandGroupInc_20150731_POS AM (on S-1)_EX-10.75_9196027_EX-10.75_Endorsement Agreement,NakedBrandGroupInc_20150731_POS AM (on S-1)_EX-10.75_9196027_EX-10.75_Endorsement Agreement.txt,58,train,48410
NeoformaInc_19991202_S-1A_EX-10.26_5224521_EX-10.26_Co-Branding Agreement,NeoformaInc_19991202_S-1A_EX-10.26_5224521_EX-10.26_Co-Branding Agreement.txt,89,train,98907
NeuroboPharmaceuticalsInc_20190903_S-4_EX-10.36_11802165_EX-10.36_Manufacturing Agreement_ Supply Agreement,NeuroboPharmaceuticalsInc_20190903_S-4_EX-10.36_11802165_EX-10.36_Manufacturing Agreement_ Supply Agreement.txt,44,train,20000
NlsPharmaceuticsLtd_20200228_F-1_EX-10.14_12029046_EX-10.14_Development Agreement,NlsPharmaceuticsLtd_20200228_F-1_EX-10.14_12029046_EX-10.14_Development Agreement.txt,54,train,67932
NmfSlfIInc_20200115_10-12GA_EX-10.5_11946987_EX-10.5_Trademark License Agreement,NmfSlfIInc_20200115_10-12GA_EX-10.5_11946987_EX-10.5_Trademark License Agreement.txt,52,train,17064
"OAKTREECAPITALGROUP,LLC_03_02_2020-EX-10.8-Services Agreement","OAKTREECAPITALGROUP,LLC_03_02_2020-EX-10.8-Services Agreement.txt",45,train,20133
"OASYSMOBILE,INC_07_05_2001-EX-10.17-OUTSOURCING AGREEMENT","OASYSMOBILE,INC_07_05_2001-EX-10.17-OUTSOURCING AGREEMENT.txt",71,train,58860
OFGBANCORP_03_28_2007-EX-10.23-OUTSOURCING AGREEMENT,OFGBANCORP_03_28_2007-EX-10.23-OUTSOURCING AGREEMENT.txt,64,train,159336
OLDAPIWIND-DOWNLTD_01_08_2016-EX-1.3-AGENCY AGREEMENT1,OLDAPIWIND-DOWNLTD_01_08_2016-EX-1.3-AGENCY AGREEMENT1.txt,49,train,98009
OLDAPIWIND-DOWNLTD_01_08_2016-EX-1.3-AGENCY AGREEMENT2,OLDAPIWIND-DOWNLTD_01_08_2016-EX-1.3-AGENCY AGREEMENT2.txt,46,train,3886
"OMINTO,INC_03_29_2004-EX-10-RESELLER AGREEMENT","OMINTO,INC_03_29_2004-EX-10-RESELLER AGREEMENT.txt",41,test,28463
"ON2TECHNOLOGIES,INC_11_17_2006-EX-10.3-SUPPORT AND MAINTENANCE AGREEMENT","ON2TECHNOLOGIES,INC_11_17_2006-EX-10.3-SUPPORT AND MAINTENANCE AGREEMENT.txt",49,train,61392
ON4COMMUNICATIONSINC_07_02_2009-EX-10.1-PROMOTION AGREEMENT,ON4COMMUNICATIONSINC_07_02_2009-EX-10.1-PROMOTION AGREEMENT.txt,47,train,15103
"ONEMAINHOLDINGS,INC_02_20_2020-EX-99.D-JOINT FILING AGREEMENT","ONEMAINHOLDINGS,INC_02_20_2020-EX-99.D-JOINT FILING AGREEMENT.txt",41,test,5879
OPERALTD_04_30_2020-EX-4.14-SERVICE AGREEMENT,OPERALTD_04_30_2020-EX-4.14-SERVICE AGREEMENT.txt,51,train,20983
"OPTIMIZEDTRANSPORTATIONMANAGEMENT,INC_07_26_2000-EX-6.6-DISTRIBUTOR AGREEMENT","OPTIMIZEDTRANSPORTATIONMANAGEMENT,INC_07_26_2000-EX-6.6-DISTRIBUTOR AGREEMENT.txt",48,train,10801
ORBSATCORP_08_17_2007-EX-7.3-STRATEGIC ALLIANCE AGREEMENT,ORBSATCORP_08_17_2007-EX-7.3-STRATEGIC ALLIANCE AGREEMENT.txt,49,train,18445
"OTISWORLDWIDECORP_04_03_2020-EX-10.4-INTELLECTUAL PROPERTY AGREEMENT by and among UNITED TECHNOLOGIES CORPORATION, OTIS WORLDWIDE CORPORATION and CARRIER ~1","OTISWORLDWIDECORP_04_03_2020-EX-10.4-INTELLECTUAL PROPERTY AGREEMENT by and among UNITED TECHNOLOGIES CORPORATION, OTIS WORLDWIDE CORPORATION and CARRIER _1.txt",59,train,62196
PACIFICSYSTEMSCONTROLTECHNOLOGYINC_08_24_2000-EX-10.53-SPONSORSHIP AGREEMENT,PACIFICSYSTEMSCONTROLTECHNOLOGYINC_08_24_2000-EX-10.53-SPONSORSHIP AGREEMENT.txt,45,train,4066
"PACIRA PHARMACEUTICALS, INC. - A_R STRATEGIC LICENSING, DISTRIBUTION AND MARKETING AGREEMENT ","PACIRA PHARMACEUTICALS, INC. - A_R STRATEGIC LICENSING, DISTRIBUTION AND MARKETING AGREEMENT.txt",41,test,145168
PANDIONTHERAPEUTICSHOLDCOLLC_05_22_2020-EX-10.17-CONSULTING AGREEMENT,PANDIONTHERAPEUTICSHOLDCOLLC_05_22_2020-EX-10.17-CONSULTING AGREEMENT.txt,41,test,22730
"PAXMEDICA,INC_07_02_2020-EX-10.12-Master Service Agreement","PAXMEDICA,INC_07_02_2020-EX-10.12-Master Service Agreement.txt",41,test,16792
PFSFUNDS_06_26_2020-EX-99.H OTH MAT CONT-SERVICES AGREEMENT,PFSFUNDS_06_26_2020-EX-99.H OTH MAT CONT-SERVICES AGREEMENT.txt,45,train,15052
PHLVARIABLEINSURANCECOCT_08_17_2009-EX-10.1-STRATEGIC ALLIANCE AGREEMENT,PHLVARIABLEINSURANCECOCT_08_17_2009-EX-10.1-STRATEGIC ALLIANCE AGREEMENT.txt,41,test,100746
"PHREESIA,INC_05_28_2019-EX-10.18-STRATEGIC ALLIANCE AGREEMENT","PHREESIA,INC_05_28_2019-EX-10.18-STRATEGIC ALLIANCE AGREEMENT.txt",72,train,120178
PLAYAHOTELS_RESORTSNV_03_14_2017-EX-10.22-STRATEGIC ALLIANCE AGREEMENT (Hyatt Ziva Cancun),PLAYAHOTELS_RESORTSNV_03_14_2017-EX-10.22-STRATEGIC ALLIANCE AGREEMENT (Hyatt Ziva Cancun).txt,41,test,22259
"PRECIGEN,INC_01_22_2020-EX-99.1-JOINT FILING AGREEMENT","PRECIGEN,INC_01_22_2020-EX-99.1-JOINT FILING AGREEMENT.txt",41,test,972
PREMIERBIOMEDICALINC_05_14_2020-EX-10.2-INTELLECTUAL PROPERTY AGREEMENT,PREMIERBIOMEDICALINC_05_14_2020-EX-10.2-INTELLECTUAL PROPERTY AGREEMENT.txt,54,train,23282
PRIMEENERGYRESOURCESCORP_04_02_2007-EX-10.28-COMPLETION AND LIQUIDITY MAINTENANCE AGREEMENT,PRIMEENERGYRESOURCESCORP_04_02_2007-EX-10.28-COMPLETION AND LIQUIDITY MAINTENANCE AGREEMENT.txt,41,test,5030
PROFOUNDMEDICALCORP_08_29_2019-EX-4.5-SUPPLY AGREEMENT,PROFOUNDMEDICALCORP_08_29_2019-EX-4.5-SUPPLY AGREEMENT.txt,41,test,66442
PROLONGINTERNATIONALCORP_03_23_1998-EX-10.16-SPONSORSHIP AGREEMENT,PROLONGINTERNATIONALCORP_03_23_1998-EX-10.16-SPONSORSHIP AGREEMENT.txt,44,train,14969
PacificapEntertainmentHoldingsInc_20051115_8-KA_EX-1.01_4300894_EX-1.01_Content License Agreement,PacificapEntertainmentHoldingsInc_20051115_8-KA_EX-1.01_4300894_EX-1.01_Content License Agreement.txt,44,train,18138
PalmerSquareCapitalBdcInc_20200116_10-12GA_EX-10.6_11949289_EX-10.6_Trademark License Agreement,PalmerSquareCapitalBdcInc_20200116_10-12GA_EX-10.6_11949289_EX-10.6_Trademark License Agreement.txt,48,train,14764
PapaJohnsInternationalInc_20190617_8-K_EX-10.1_11707365_EX-10.1_Endorsement Agreement,PapaJohnsInternationalInc_20190617_8-K_EX-10.1_11707365_EX-10.1_Endorsement Agreement.txt,55,train,68204
PaperexchangeComInc_20000322_S-1A_EX-10.4_5202103_EX-10.4_Co-Branding Agreement,PaperexchangeComInc_20000322_S-1A_EX-10.4_5202103_EX-10.4_Co-Branding Agreement.txt,41,test,92875
ParatekPharmaceuticalsInc_20170505_10-KA_EX-10.29_10323872_EX-10.29_Outsourcing Agreement,ParatekPharmaceuticalsInc_20170505_10-KA_EX-10.29_10323872_EX-10.29_Outsourcing Agreement.txt,65,train,114893
PareteumCorp_20081001_8-K_EX-99.1_2654808_EX-99.1_Hosting Agreement,PareteumCorp_20081001_8-K_EX-99.1_2654808_EX-99.1_Hosting Agreement.txt,50,train,66253
PcquoteComInc_19990721_S-1A_EX-10.11_6377149_EX-10.11_Co-Branding Agreement1,PcquoteComInc_19990721_S-1A_EX-10.11_6377149_EX-10.11_Co-Branding Agreement1.txt,41,test,19851
PcquoteComInc_19990721_S-1A_EX-10.11_6377149_EX-10.11_Co-Branding Agreement2,PcquoteComInc_19990721_S-1A_EX-10.11_6377149_EX-10.11_Co-Branding Agreement2.txt,41,test,857
PcquoteComInc_19990721_S-1A_EX-10.11_6377149_EX-10.11_Co-Branding Agreement3,PcquoteComInc_19990721_S-1A_EX-10.11_6377149_EX-10.11_Co-Branding Agreement3.txt,44,train,2558
PelicanDeliversInc_20200211_S-1_EX-10.3_11975895_EX-10.3_Development Agreement1,PelicanDeliversInc_20200211_S-1_EX-10.3_11975895_EX-10.3_Development Agreement1.txt,45,train,16590
PelicanDeliversInc_20200211_S-1_EX-10.3_11975895_EX-10.3_Development Agreement2,PelicanDeliversInc_20200211_S-1_EX-10.3_11975895_EX-10.3_Development Agreement2.txt,50,train,32093
PenntexMidstreamPartnersLp_20150416_S-1A_EX-10.4_9042833_EX-10.4_Transportation Agreement,PenntexMidstreamPartnersLp_20150416_S-1A_EX-10.4_9042833_EX-10.4_Transportation Agreement.txt,46,train,52008
PerformanceSportsBrandsInc_20110909_S-1_EX-10.10_7220214_EX-10.10_Endorsement Agreement,PerformanceSportsBrandsInc_20110909_S-1_EX-10.10_7220214_EX-10.10_Endorsement Agreement.txt,49,train,27166
PfHospitalityGroupInc_20150923_10-12G_EX-10.1_9266710_EX-10.1_Franchise Agreement1,PfHospitalityGroupInc_20150923_10-12G_EX-10.1_9266710_EX-10.1_Franchise Agreement1.txt,102,train,152649
PfHospitalityGroupInc_20150923_10-12G_EX-10.1_9266710_EX-10.1_Franchise Agreement3,PfHospitalityGroupInc_20150923_10-12G_EX-10.1_9266710_EX-10.1_Franchise Agreement3.txt,46,train,6772
PharmagenInc_20120803_8-KA_EX-10.1_7693204_EX-10.1_Endorsement Agreement,PharmagenInc_20120803_8-KA_EX-10.1_7693204_EX-10.1_Endorsement Agreement.txt,48,train,17886
PhasebioPharmaceuticalsInc_20200330_10-K_EX-10.21_12086810_EX-10.21_Development Agreement,PhasebioPharmaceuticalsInc_20200330_10-K_EX-10.21_12086810_EX-10.21_Development Agreement.txt,107,train,291873
PhoenixNewMediaLtd_20110421_F-1_EX-10.17_6958322_EX-10.17_Content License Agreement,PhoenixNewMediaLtd_20110421_F-1_EX-10.17_6958322_EX-10.17_Content License Agreement.txt,41,test,25060
PhotronicsInc_20171219_10-QA_EX-10.28_10982650_EX-10.28_Outsourcing Agreement,PhotronicsInc_20171219_10-QA_EX-10.28_10982650_EX-10.28_Outsourcing Agreement.txt,41,test,25392
PlayboyEnterprisesInc_20090220_10-QA_EX-10.2_4091580_EX-10.2_Content License Agreement_ Marketing Agreement_ Sales-Purchase Agreement1,PlayboyEnterprisesInc_20090220_10-QA_EX-10.2_4091580_EX-10.2_Content License Agreement_ Marketing Agreement_ Sales-Purchase Agreement1.txt,85,train,117118
PlayboyEnterprisesInc_20090220_10-QA_EX-10.2_4091580_EX-10.2_Content License Agreement_ Marketing Agreement_ Sales-Purchase Agreement2,PlayboyEnterprisesInc_20090220_10-QA_EX-10.2_4091580_EX-10.2_Content License Agreement_ Marketing Agreement_ Sales-Purchase Agreement2.txt,43,train,3558
PrecheckHealthServicesInc_20200320_8-K_EX-99.2_12070169_EX-99.2_Distributor Agreement,PrecheckHealthServicesInc_20200320_8-K_EX-99.2_12070169_EX-99.2_Distributor Agreement.txt,44,train,6320
Principal Life Insurance Company - Broker Dealer Marketing and Servicing Agreement,Principal Life Insurance Company - Broker Dealer Marketing and Servicing Agreement.txt,48,train,29599
PrudentialBancorpInc_20170606_8-K_EX-10.4_10474434_EX-10.4_Endorsement Agreement,PrudentialBancorpInc_20170606_8-K_EX-10.4_10474434_EX-10.4_Endorsement Agreement.txt,46,train,14155
QBIOMEDINC_04_08_2020-EX-99.1-JOINT FILING AGREEMENT,QBIOMEDINC_04_08_2020-EX-99.1-JOINT FILING AGREEMENT.txt,51,train,2732
QIWI_06_16_2017-EX-99.(D)(2)-COOPERATION AGREEMENT,QIWI_06_16_2017-EX-99.(D)(2)-COOPERATION AGREEMENT.txt,47,train,26192
Quaker Chemical Corporation - NON COMPETITION AND NON SOLICITATION AGREEMENT,Quaker Chemical Corporation - NON COMPETITION AND NON SOLICITATION AGREEMENT.txt,41,test,22700
QuantumGroupIncFl_20090120_8-K_EX-99.2_3672910_EX-99.2_Hosting Agreement,QuantumGroupIncFl_20090120_8-K_EX-99.2_3672910_EX-99.2_Hosting Agreement.txt,58,train,116298
REGANHOLDINGCORP_03_31_2008-EX-10-LICENSE AND HOSTING AGREEMENT,REGANHOLDINGCORP_03_31_2008-EX-10-LICENSE AND HOSTING AGREEMENT.txt,50,train,55889
REWALKROBOTICSLTD_07_10_2014-EX-10.2-STRATEGIC ALLIANCE AGREEMENT,REWALKROBOTICSLTD_07_10_2014-EX-10.2-STRATEGIC ALLIANCE AGREEMENT.txt,46,train,14979
RISEEDUCATIONCAYMANLTD_04_17_2020-EX-4.23-SERVICE AGREEMENT,RISEEDUCATIONCAYMANLTD_04_17_2020-EX-4.23-SERVICE AGREEMENT.txt,45,train,16372
RMRGROUPINC_01_22_2020-EX-99.1-JOINT FILING AGREEMENT,RMRGROUPINC_01_22_2020-EX-99.1-JOINT FILING AGREEMENT.txt,41,test,645
"ROCKYMOUNTAINCHOCOLATEFACTORY,INC_12_23_2019-EX-10.2-STRATEGIC ALLIANCE AGREEMENT","ROCKYMOUNTAINCHOCOLATEFACTORY,INC_12_23_2019-EX-10.2-STRATEGIC ALLIANCE AGREEMENT.txt",63,train,121115
RUBIOSRESTAURANTSINC_03_31_2008-EX-10.75-SPONSORSHIP AGREEMENT,RUBIOSRESTAURANTSINC_03_31_2008-EX-10.75-SPONSORSHIP AGREEMENT.txt,48,train,37103
RaeSystemsInc_20001114_10-Q_EX-10.57_2631790_EX-10.57_Co-Branding Agreement,RaeSystemsInc_20001114_10-Q_EX-10.57_2631790_EX-10.57_Co-Branding Agreement.txt,53,train,43179
RandWorldwideInc_20010402_8-KA_EX-10.2_2102464_EX-10.2_Co-Branding Agreement,RandWorldwideInc_20010402_8-KA_EX-10.2_2102464_EX-10.2_Co-Branding Agreement.txt,55,train,48159
RangeResourcesLouisianaInc_20150417_8-K_EX-10.5_9045501_EX-10.5_Transportation Agreement,RangeResourcesLouisianaInc_20150417_8-K_EX-10.5_9045501_EX-10.5_Transportation Agreement.txt,48,train,100284
RareElementResourcesLtd_20171019_SC 13D_EX-99.4_10897534_EX-99.4_Intellectual Property Agreement,RareElementResourcesLtd_20171019_SC 13D_EX-99.4_10897534_EX-99.4_Intellectual Property Agreement.txt,60,train,34461
ReedsInc_20191113_10-Q_EX-10.4_11888303_EX-10.4_Development Agreement,ReedsInc_20191113_10-Q_EX-10.4_11888303_EX-10.4_Development Agreement.txt,48,train,28331
"Reinsurance Group of America, Incorporated - A_R REMARKETING  AGREEMENT","Reinsurance Group of America, Incorporated - A_R REMARKETING AGREEMENT.txt",41,test,102071
RemarkHoldingsInc_20081114_10-Q_EX-10.24_2895649_EX-10.24_Content License Agreement,RemarkHoldingsInc_20081114_10-Q_EX-10.24_2895649_EX-10.24_Content License Agreement.txt,75,train,59089
RevolutionMedicinesInc_20200117_S-1_EX-10.1_11948417_EX-10.1_Development Agreement,RevolutionMedicinesInc_20200117_S-1_EX-10.1_11948417_EX-10.1_Development Agreement.txt,106,train,266213
ReynoldsConsumerProductsInc_20191115_S-1_EX-10.18_11896469_EX-10.18_Supply Agreement,ReynoldsConsumerProductsInc_20191115_S-1_EX-10.18_11896469_EX-10.18_Supply Agreement.txt,56,train,61710
ReynoldsConsumerProductsInc_20200121_S-1A_EX-10.22_11948918_EX-10.22_Service Agreement,ReynoldsConsumerProductsInc_20200121_S-1A_EX-10.22_11948918_EX-10.22_Service Agreement.txt,54,train,112910
RgcResourcesInc_20151216_8-K_EX-10.3_9372751_EX-10.3_Franchise Agreement,RgcResourcesInc_20151216_8-K_EX-10.3_9372751_EX-10.3_Franchise Agreement.txt,45,train,5171
RitterPharmaceuticalsInc_20200313_S-4A_EX-10.54_12055220_EX-10.54_Development Agreement,RitterPharmaceuticalsInc_20200313_S-4A_EX-10.54_12055220_EX-10.54_Development Agreement.txt,41,test,122688
SANDRIDGEENERGYINC_08_06_2009-EX-10.6-OPERATIONS AND MAINTENANCE AGREEMENT,SANDRIDGEENERGYINC_08_06_2009-EX-10.6-OPERATIONS AND MAINTENANCE AGREEMENT.txt,62,train,73119
SCOUTCAMINC_05_12_2020-EX-10.22-SERVICES AGREEMENT,SCOUTCAMINC_05_12_2020-EX-10.22-SERVICES AGREEMENT.txt,48,train,8315
SEASPINEHOLDINGSCORP_10_10_2018-EX-10.1-SUPPLY AGREEMENT,SEASPINEHOLDINGSCORP_10_10_2018-EX-10.1-SUPPLY AGREEMENT.txt,41,test,70898
SECURIANFUNDSTRUST_05_01_2012-EX-99.28.H.9-NET INVESTMENT INCOME MAINTENANCE AGREEMENT,SECURIANFUNDSTRUST_05_01_2012-EX-99.28.H.9-NET INVESTMENT INCOME MAINTENANCE AGREEMENT.txt,48,train,9700
SENMIAOTECHNOLOGYLTD_02_19_2019-EX-10.5-Collaboration Agreement,SENMIAOTECHNOLOGYLTD_02_19_2019-EX-10.5-Collaboration Agreement.txt,61,train,73890
SEPARATEACCOUNTIIOFAGL_05_02_2011-EX-99.(J)(4)-UNCONDITIONAL CAPITAL MAINTENANCE AGREEMENT,SEPARATEACCOUNTIIOFAGL_05_02_2011-EX-99.(J)(4)-UNCONDITIONAL CAPITAL MAINTENANCE AGREEMENT.txt,46,train,20121
SFGFINANCIALCORP_05_12_2009-EX-10.1-SOFTWARE LICENSE AND MAINTENANCE AGREEMENT,SFGFINANCIALCORP_05_12_2009-EX-10.1-SOFTWARE LICENSE AND MAINTENANCE AGREEMENT.txt,59,train,51043
"SIBANNAC,INC_12_04_2017-EX-2.1-Strategic Alliance Agreement","SIBANNAC,INC_12_04_2017-EX-2.1-Strategic Alliance Agreement.txt",44,train,8380
SLINGERBAGINC_05_27_2020-EX-10.7-CONSULTING AGREEMENT,SLINGERBAGINC_05_27_2020-EX-10.7-CONSULTING AGREEMENT.txt,46,train,33425
SLOVAKWIRELESSFINANCECOBV_03_28_2001-EX-4.(B)(II).3-Maintenance and support contract for SICAP(R) modules,SLOVAKWIRELESSFINANCECOBV_03_28_2001-EX-4.(B)(II).3-Maintenance and support contract for SICAP(R) modules.txt,42,train,33577
SMITHELECTRICVEHICLESCORP_04_04_2012-EX-10.26-FLEET MAINTENANCE AGREEMENT,SMITHELECTRICVEHICLESCORP_04_04_2012-EX-10.26-FLEET MAINTENANCE AGREEMENT.txt,56,train,85963
"SOLUTIONSVENDINGINTERNATIONAL,INC_03_31_2020-EX1A-1 UNDR AGMT-SERVICES AGREEMENT","SOLUTIONSVENDINGINTERNATIONAL,INC_03_31_2020-EX1A-1 UNDR AGMT-SERVICES AGREEMENT.txt",45,train,7124
SONUSCORP_03_12_1997-EX-10.11-SPONSORSHIP AGREEMENT,SONUSCORP_03_12_1997-EX-10.11-SPONSORSHIP AGREEMENT.txt,45,train,34903
SPARKLINGSPRINGWATERHOLDINGSLTD_07_03_2002-EX-10.13-SOFTWARE LICENSE AND MAINTENANCE AGREEMENT,SPARKLINGSPRINGWATERHOLDINGSLTD_07_03_2002-EX-10.13-SOFTWARE LICENSE AND MAINTENANCE AGREEMENT.txt,53,train,27714
SPHERE3DCORP_06_24_2020-EX-10.12-CONSULTING AGREEMENT,SPHERE3DCORP_06_24_2020-EX-10.12-CONSULTING AGREEMENT.txt,44,train,12394
"SPIENERGYCO,LTD_03_09_2011-EX-99.5-OPERATIONS AND MAINTENANCE AGREEMENT","SPIENERGYCO,LTD_03_09_2011-EX-99.5-OPERATIONS AND MAINTENANCE AGREEMENT.txt",52,train,54160
"SPIENERGYCO,LTD_07_10_2014-EX-10-Cooperation Agreement of 50MWp Photovoltaic Grid-connected Power Generation Project in Yangqiao of~1","SPIENERGYCO,LTD_07_10_2014-EX-10-Cooperation Agreement of 50MWp Photovoltaic Grid-connected Power Generation Project in Yangqiao of_1.txt",41,test,2811
"SPOKHOLDINGS,INC_06_19_2020-EX-10.1-COOPERATION AGREEMENT","SPOKHOLDINGS,INC_06_19_2020-EX-10.1-COOPERATION AGREEMENT.txt",41,test,17710
SPORTHALEYINC_09_29_1997-EX-10.2-10-ENDORSEMENT AGREEMENT,SPORTHALEYINC_09_29_1997-EX-10.2-10-ENDORSEMENT AGREEMENT.txt,50,train,11930
"SPRINGBANKPHARMACEUTICALS,INC_04_08_2020-EX-99.A-JOINT FILING AGREEMENT","SPRINGBANKPHARMACEUTICALS,INC_04_08_2020-EX-99.A-JOINT FILING AGREEMENT.txt",44,train,1556
STAMPSCOMINC_06_24_1999-EX-10.18-SPONSORSHIP AGREEMENT,STAMPSCOMINC_06_24_1999-EX-10.18-SPONSORSHIP AGREEMENT.txt,56,train,40856
STARTECGLOBALCOMMUNICATIONSCORP_11_16_1998-EX-10.30-CONSTRUCTION AND MAINTENANCE AGREEMENT,STARTECGLOBALCOMMUNICATIONSCORP_11_16_1998-EX-10.30-CONSTRUCTION AND MAINTENANCE AGREEMENT.txt,102,train,116260
STWRESOURCESHOLDINGCORP_08_06_2014-EX-10.1-COOPERATION AGREEMENT,STWRESOURCESHOLDINGCORP_08_06_2014-EX-10.1-COOPERATION AGREEMENT.txt,41,test,27721
"SUCAMPOPHARMACEUTICALS,INC_11_04_2015-EX-10.2-STRATEGIC ALLIANCE AGREEMENT","SUCAMPOPHARMACEUTICALS,INC_11_04_2015-EX-10.2-STRATEGIC ALLIANCE AGREEMENT.txt",41,test,62272
SUMMAFOURINC_06_19_1998-EX-10.3-SOFTWARE LICENSE AND MAINTENANCE AGREEMENT,SUMMAFOURINC_06_19_1998-EX-10.3-SOFTWARE LICENSE AND MAINTENANCE AGREEMENT.txt,57,train,117803
SUNTRONCORP_05_17_2006-EX-10.22-MAINTENANCE AGREEMENT,SUNTRONCORP_05_17_2006-EX-10.22-MAINTENANCE AGREEMENT.txt,59,train,32263
SYKESHEALTHPLANSERVICESINC_04_24_1998-EX-10.14-OUTSOURCING AGREEMENT,SYKESHEALTHPLANSERVICESINC_04_24_1998-EX-10.14-OUTSOURCING AGREEMENT.txt,47,train,12852
SalesforcecomInc_20171122_10-Q_EX-10.1_10961535_EX-10.1_Reseller Agreement,SalesforcecomInc_20171122_10-Q_EX-10.1_10961535_EX-10.1_Reseller Agreement.txt,44,train,2935
ScansourceInc_20190509_10-Q_EX-10.2_11661422_EX-10.2_Distributor Agreement,ScansourceInc_20190509_10-Q_EX-10.2_11661422_EX-10.2_Distributor Agreement.txt,41,test,14149
ScansourceInc_20190822_10-K_EX-10.38_11793958_EX-10.38_Distributor Agreement1,ScansourceInc_20190822_10-K_EX-10.38_11793958_EX-10.38_Distributor Agreement1.txt,63,train,84384
ScansourceInc_20190822_10-K_EX-10.38_11793958_EX-10.38_Distributor Agreement2,ScansourceInc_20190822_10-K_EX-10.38_11793958_EX-10.38_Distributor Agreement2.txt,48,train,13330
ScansourceInc_20190822_10-K_EX-10.39_11793959_EX-10.39_Distributor Agreement,ScansourceInc_20190822_10-K_EX-10.39_11793959_EX-10.39_Distributor Agreement.txt,41,test,10891
SigaTechnologiesInc_20190603_8-K_EX-10.1_11695818_EX-10.1_Promotion Agreement,SigaTechnologiesInc_20190603_8-K_EX-10.1_11695818_EX-10.1_Promotion Agreement.txt,41,test,144443
"SightLife Surgical, Inc. - STRATEGIC SALES _ MARKETING AGREEMENT","SightLife Surgical, Inc. - STRATEGIC SALES _ MARKETING AGREEMENT.txt",51,train,23895
SimplicityEsportsGamingCompany_20181130_8-K_EX-10.1_11444071_EX-10.1_Franchise Agreement,SimplicityEsportsGamingCompany_20181130_8-K_EX-10.1_11444071_EX-10.1_Franchise Agreement.txt,51,train,28529
SmartRxSystemsInc_20180914_1-A_EX1A-6 MAT CTRCT_11351705_EX1A-6 MAT CTRCT_Distributor Agreement,SmartRxSystemsInc_20180914_1-A_EX1A-6 MAT CTRCT_11351705_EX1A-6 MAT CTRCT_Distributor Agreement.txt,50,train,39984
"Sonos, Inc. - Manufacturing Agreement ","Sonos, Inc. - Manufacturing Agreement.txt",72,train,109219
SoupmanInc_20150814_8-K_EX-10.1_9230148_EX-10.1_Franchise Agreement1,SoupmanInc_20150814_8-K_EX-10.1_9230148_EX-10.1_Franchise Agreement1.txt,41,test,144235
SoupmanInc_20150814_8-K_EX-10.1_9230148_EX-10.1_Franchise Agreement2,SoupmanInc_20150814_8-K_EX-10.1_9230148_EX-10.1_Franchise Agreement2.txt,44,train,5504
SoupmanInc_20150814_8-K_EX-10.1_9230148_EX-10.1_Franchise Agreement3,SoupmanInc_20150814_8-K_EX-10.1_9230148_EX-10.1_Franchise Agreement3.txt,41,train,2974
SoupmanInc_20150814_8-K_EX-10.1_9230148_EX-10.1_Franchise Agreement4,SoupmanInc_20150814_8-K_EX-10.1_9230148_EX-10.1_Franchise Agreement4.txt,41,test,3314
SouthernStarEnergyInc_20051202_SB-2A_EX-9_801890_EX-9_Affiliate Agreement,SouthernStarEnergyInc_20051202_SB-2A_EX-9_801890_EX-9_Affiliate Agreement.txt,49,train,22721
StaarSurgicalCompany_20180801_10-Q_EX-10.37_11289449_EX-10.37_Distributor Agreement,StaarSurgicalCompany_20180801_10-Q_EX-10.37_11289449_EX-10.37_Distributor Agreement.txt,58,train,49760
StampscomInc_20001114_10-Q_EX-10.47_2631630_EX-10.47_Co-Branding Agreement,StampscomInc_20001114_10-Q_EX-10.47_2631630_EX-10.47_Co-Branding Agreement.txt,69,train,87014
SteelVaultCorp_20081224_10-K_EX-10.16_3074935_EX-10.16_Affiliate Agreement,SteelVaultCorp_20081224_10-K_EX-10.16_3074935_EX-10.16_Affiliate Agreement.txt,45,train,18157
TALCOTTRESOLUTIONLIFEINSURANCECO-SEPARATEACCOUNTTWELVE_04_30_2020-EX-99.8(L)-SERVICE AGREEMENT,TALCOTTRESOLUTIONLIFEINSURANCECO-SEPARATEACCOUNTTWELVE_04_30_2020-EX-99.8(L)-SERVICE AGREEMENT.txt,44,train,29797
"TALLGRASSENERGY,LP_02_20_2020-EX-99.26-JOINT FILING AGREEMENT","TALLGRASSENERGY,LP_02_20_2020-EX-99.26-JOINT FILING AGREEMENT.txt",50,train,3971
TEARDROPGOLFCO_10_23_1996-EX-10.12-ENDORSEMENT AGREEMENT,TEARDROPGOLFCO_10_23_1996-EX-10.12-ENDORSEMENT AGREEMENT.txt,41,test,26215
TELEGLOBEINTERNATIONALHOLDINGSLTD_03_29_2004-EX-10.10-CONSTRUCTION AND MAINTENANCE AGREEMENT,TELEGLOBEINTERNATIONALHOLDINGSLTD_03_29_2004-EX-10.10-CONSTRUCTION AND MAINTENANCE AGREEMENT.txt,93,train,94266
TELKOMSALTD_01_30_2003-EX-10-LICENCE AND MAINTENANCE AGREEMENT,TELKOMSALTD_01_30_2003-EX-10-LICENCE AND MAINTENANCE AGREEMENT.txt,72,train,105748
"THERAVANCEBIOPHARMA,INC_05_08_2020-EX-10.2-SERVICE AGREEMENT","THERAVANCEBIOPHARMA,INC_05_08_2020-EX-10.2-SERVICE AGREEMENT.txt",45,train,32861
TICKETSCOMINC_06_22_1999-EX-10.22-SPONSORSHIP AGREEMENT,TICKETSCOMINC_06_22_1999-EX-10.22-SPONSORSHIP AGREEMENT.txt,44,train,8080
TRANSMONTAIGNEPARTNERSLLC_03_13_2020-EX-10.9-SERVICES AGREEMENT,TRANSMONTAIGNEPARTNERSLLC_03_13_2020-EX-10.9-SERVICES AGREEMENT.txt,45,train,5886
"TRANSPHORM,INC_02_14_2020-EX-10.12(1)-JOINT VENTURE AGREEMENT","TRANSPHORM,INC_02_14_2020-EX-10.12(1)-JOINT VENTURE AGREEMENT.txt",66,train,95181
TRICITYBANKSHARESCORP_05_15_1998-EX-10-OUTSOURCING AGREEMENT,TRICITYBANKSHARESCORP_05_15_1998-EX-10-OUTSOURCING AGREEMENT.txt,41,test,101639
TRIZETTOGROUPINC_08_18_1999-EX-10.17-TECHNICAL INFRASTRUCTURE MAINTENANCE AGREEMENT,TRIZETTOGROUPINC_08_18_1999-EX-10.17-TECHNICAL INFRASTRUCTURE MAINTENANCE AGREEMENT.txt,41,test,17786
TRUENORTHENERGYCORP_02_08_2007-EX-10.1-DEVELOPMENT AGREEMENT,TRUENORTHENERGYCORP_02_08_2007-EX-10.1-DEVELOPMENT AGREEMENT.txt,47,train,43803
TUNIUCORP_03_06_2014-EX-10-COOPERATION AGREEMENT,TUNIUCORP_03_06_2014-EX-10-COOPERATION AGREEMENT.txt,41,test,17917
"TURNKEYCAPITAL,INC_07_20_2017-EX-1.1-Strategic Alliance Agreement","TURNKEYCAPITAL,INC_07_20_2017-EX-1.1-Strategic Alliance Agreement.txt",44,train,12648
TcPipelinesLp_20160226_10-K_EX-99.12_9454048_EX-99.12_Transportation Agreement,TcPipelinesLp_20160226_10-K_EX-99.12_9454048_EX-99.12_Transportation Agreement.txt,45,train,6088
TheglobeComInc_19990503_S-1A_EX-10.20_5416126_EX-10.20_Co-Branding Agreement,TheglobeComInc_19990503_S-1A_EX-10.20_5416126_EX-10.20_Co-Branding Agreement.txt,58,train,48004
ThriventVariableInsuranceAccountB_20190701_N-6_EX-99.D(IV)_11720968_EX-99.D(IV)_Endorsement Agreement,ThriventVariableInsuranceAccountB_20190701_N-6_EX-99.D(IV)_11720968_EX-99.D(IV)_Endorsement Agreement.txt,41,test,4871
TodosMedicalLtd_20190328_20-F_EX-4.10_11587157_EX-4.10_Marketing Agreement_ Reseller Agreement,TodosMedicalLtd_20190328_20-F_EX-4.10_11587157_EX-4.10_Marketing Agreement_ Reseller Agreement.txt,49,train,32321
TomOnlineInc_20060501_20-F_EX-4.46_749700_EX-4.46_Co-Branding Agreement,TomOnlineInc_20060501_20-F_EX-4.46_749700_EX-4.46_Co-Branding Agreement.txt,73,train,112361
TubeMediaCorp_20060310_8-K_EX-10.1_513921_EX-10.1_Affiliate Agreement,TubeMediaCorp_20060310_8-K_EX-10.1_513921_EX-10.1_Affiliate Agreement.txt,66,train,69973
UAGHINC_04_14_2004-EX-10.18-MAINTENANCE AGREEMENT,UAGHINC_04_14_2004-EX-10.18-MAINTENANCE AGREEMENT.txt,48,train,16823
ULTRAGENYXPHARMACEUTICALINC_12_23_2013-EX-10.9-SUPPLY AGREEMENT,ULTRAGENYXPHARMACEUTICALINC_12_23_2013-EX-10.9-SUPPLY AGREEMENT.txt,46,train,14592
"UNITEDNATIONALBANCORP_03_03_1999-EX-99-Outsourcing Agreement with the BISYS Group, Inc.","UNITEDNATIONALBANCORP_03_03_1999-EX-99-Outsourcing Agreement with the BISYS Group, Inc.txt",45,train,1952
URSCORPNEW_03_17_2014-EX-99-COOPERATION AGREEMENT,URSCORPNEW_03_17_2014-EX-99-COOPERATION AGREEMENT.txt,45,train,37211
USASYNTHETICFUELCORP_10_21_2010-EX-10.10-STRATEGIC ALLIANCE AGREEMENT,USASYNTHETICFUELCORP_10_21_2010-EX-10.10-STRATEGIC ALLIANCE AGREEMENT.txt,41,test,52252
UnionDentalHoldingsInc_20050204_8-KA_EX-10_3345577_EX-10_Affiliate Agreement,UnionDentalHoldingsInc_20050204_8-KA_EX-10_3345577_EX-10_Affiliate Agreement.txt,45,train,14083
UpjohnInc_20200121_10-12G_EX-2.6_11948692_EX-2.6_Manufacturing Agreement_ Supply Agreement,UpjohnInc_20200121_10-12G_EX-2.6_11948692_EX-2.6_Manufacturing Agreement_ Supply Agreement.txt,112,train,225094
UsioInc_20040428_SB-2_EX-10.11_1723988_EX-10.11_Affiliate Agreement 2,UsioInc_20040428_SB-2_EX-10.11_1723988_EX-10.11_Affiliate Agreement 2.txt,53,train,26115
VALENCETECHNOLOGYINC_02_14_2003-EX-10-JOINT VENTURE CONTRACT,VALENCETECHNOLOGYINC_02_14_2003-EX-10-JOINT VENTURE CONTRACT.txt,41,test,73698
"VAPOTHERM, INC. - Manufacturing and Supply Agreement","VAPOTHERM, INC. - Manufacturing and Supply Agreement.txt",41,test,75632
VARIABLESEPARATEACCOUNT_04_30_2014-EX-13.C-UNCONDITIONAL CAPITAL MAINTENANCE AGREEMENT,VARIABLESEPARATEACCOUNT_04_30_2014-EX-13.C-UNCONDITIONAL CAPITAL MAINTENANCE AGREEMENT.txt,47,train,15202
"VAXCYTE,INC_05_22_2020-EX-10.19-SUPPLY AGREEMENT","VAXCYTE,INC_05_22_2020-EX-10.19-SUPPLY AGREEMENT.txt",53,train,99696
"VEONEER,INC_02_21_2020-EX-10.11-JOINT VENTURE AGREEMENT","VEONEER,INC_02_21_2020-EX-10.11-JOINT VENTURE AGREEMENT.txt",51,train,8257
VERICELCORP_08_06_2019-EX-10.10-SUPPLY AGREEMENT,VERICELCORP_08_06_2019-EX-10.10-SUPPLY AGREEMENT.txt,58,train,102006
VERSOTECHNOLOGIESINC_12_28_2007-EX-99.3-INTELLECTUAL PROPERTY AGREEMENT,VERSOTECHNOLOGIESINC_12_28_2007-EX-99.3-INTELLECTUAL PROPERTY AGREEMENT.txt,44,train,5046
VERTEXENERGYINC_08_14_2014-EX-10.24-OPERATION AND MAINTENANCE AGREEMENT,VERTEXENERGYINC_08_14_2014-EX-10.24-OPERATION AND MAINTENANCE AGREEMENT.txt,58,train,57254
VERTICALNETINC_04_01_2002-EX-10.19-MAINTENANCE AND SUPPORT AGREEMENT,VERTICALNETINC_04_01_2002-EX-10.19-MAINTENANCE AND SUPPORT AGREEMENT.txt,55,train,78033
VIOLINMEMORYINC_12_12_2012-EX-10.14-SPONSORSHIP AGREEMENT,VIOLINMEMORYINC_12_12_2012-EX-10.14-SPONSORSHIP AGREEMENT.txt,55,train,53764
"VIRGINGALACTICHOLDINGS,INC_04_08_2020-EX-99.1-JOINT FILING STATEMENT","VIRGINGALACTICHOLDINGS,INC_04_08_2020-EX-99.1-JOINT FILING STATEMENT.txt",44,train,1194
"VIRTUALSCOPICS,INC_11_12_2010-EX-10.1-STRATEGIC ALLIANCE AGREEMENT","VIRTUALSCOPICS,INC_11_12_2010-EX-10.1-STRATEGIC ALLIANCE AGREEMENT.txt",52,train,46057
"VISIUMTECHNOLOGIES,INC_10_20_2004-EX-10.20-DISTRIBUTOR AGREEMENT","VISIUMTECHNOLOGIES,INC_10_20_2004-EX-10.20-DISTRIBUTOR AGREEMENT.txt",65,train,49784
VITAMINSHOPPECOMINC_09_13_1999-EX-10.26-SPONSORSHIP AGREEMENT,VITAMINSHOPPECOMINC_09_13_1999-EX-10.26-SPONSORSHIP AGREEMENT.txt,47,train,88105
"VIVINT SOLAR, INC. - NON-COMPETITION AGREEMENT","VIVINT SOLAR, INC. - NON-COMPETITION AGREEMENT.txt",41,test,3493
"VNUE,INC_07_10_2015-EX-10.1-SPONSORSHIP AGREEMENT","VNUE,INC_07_10_2015-EX-10.1-SPONSORSHIP AGREEMENT.txt",46,train,20487
VerizonAbsLlc_20200123_8-K_EX-10.4_11952335_EX-10.4_Service Agreement,VerizonAbsLlc_20200123_8-K_EX-10.4_11952335_EX-10.4_Service Agreement.txt,55,train,289615
VertexEnergyInc_20200113_8-K_EX-10.1_11943624_EX-10.1_Marketing Agreement,VertexEnergyInc_20200113_8-K_EX-10.1_11943624_EX-10.1_Marketing Agreement.txt,53,train,45072
VgrabCommunicationsInc_20200129_10-K_EX-10.33_11958828_EX-10.33_Development Agreement,VgrabCommunicationsInc_20200129_10-K_EX-10.33_11958828_EX-10.33_Development Agreement.txt,45,train,14822
VirtuosoSurgicalInc_20191227_1-A_EX1A-6 MAT CTRCT_11933379_EX1A-6 MAT CTRCT_License Agreement,VirtuosoSurgicalInc_20191227_1-A_EX1A-6 MAT CTRCT_11933379_EX1A-6 MAT CTRCT_License Agreement.txt,60,train,35902
VitalibisInc_20180316_8-K_EX-10.2_11100168_EX-10.2_Hosting Agreement,VitalibisInc_20180316_8-K_EX-10.2_11100168_EX-10.2_Hosting Agreement.txt,53,train,46187
VnueInc_20150914_8-K_EX-10.1_9259571_EX-10.1_Promotion Agreement,VnueInc_20150914_8-K_EX-10.1_9259571_EX-10.1_Promotion Agreement.txt,45,train,10553
WARNERCHILCOTTPLC_12_31_2003-EX-4.36-DEVELOPMENT AGREEMENT,WARNERCHILCOTTPLC_12_31_2003-EX-4.36-DEVELOPMENT AGREEMENT.txt,46,train,29683
WARNINGMANAGEMENTSERVICESINC_12_10_1999-EX-10-ENDORSEMENT AGREEMENT,WARNINGMANAGEMENTSERVICESINC_12_10_1999-EX-10-ENDORSEMENT AGREEMENT.txt,54,train,29724
"WASTE2ENERGYHOLDINGS,INC_06_03_2010-EX-10.2-STRATEGIC ALLIANCE AGREEMENT","WASTE2ENERGYHOLDINGS,INC_06_03_2010-EX-10.2-STRATEGIC ALLIANCE AGREEMENT.txt",41,test,40442
WEBHELPCOMINC_03_22_2000-EX-10.8-HOSTING AGREEMENT,WEBHELPCOMINC_03_22_2000-EX-10.8-HOSTING AGREEMENT.txt,41,test,19257
WELLSFARGOMORTGAGEBACKEDSECURITIES2006-6TRUST_05_11_2006-EX-10.3-Yield Maintenance Agreement,WELLSFARGOMORTGAGEBACKEDSECURITIES2006-6TRUST_05_11_2006-EX-10.3-Yield Maintenance Agreement.txt,45,train,37683
WESTERN COPPER - NON-COMPETITION AGREEMENT,WESTERN COPPER - NON-COMPETITION AGREEMENT.txt,41,test,16402
"WHITESMOKE,INC_11_08_2011-EX-10.26-PROMOTION AND DISTRIBUTION AGREEMENT","WHITESMOKE,INC_11_08_2011-EX-10.26-PROMOTION AND DISTRIBUTION AGREEMENT.txt",56,train,70383
WOMENSGOLFUNLIMITEDINC_03_29_2000-EX-10.13-ENDORSEMENT AGREEMENT,WOMENSGOLFUNLIMITEDINC_03_29_2000-EX-10.13-ENDORSEMENT AGREEMENT.txt,41,test,32371
WOMENSGOLFUNLIMITEDINC_03_29_2000-EX-10.13-ENDORSEMENT AGREEMENT - Intellectual Property Rights                 Confidentiality and Non-Use Obligations Agreement,WOMENSGOLFUNLIMITEDINC_03_29_2000-EX-10.13-ENDORSEMENT AGREEMENT - Intellectual Property Rights Confidentiality and Non-Use Obligations Agreement.txt,45,train,7042
WORLDWIDESTRATEGIESINC_11_02_2005-EX-10-RESELLER AGREEMENT,WORLDWIDESTRATEGIESINC_11_02_2005-EX-10-RESELLER AGREEMENT.txt,61,train,84618
WPPPLC_04_30_2020-EX-4.28-SERVICE AGREEMENT,WPPPLC_04_30_2020-EX-4.28-SERVICE AGREEMENT.txt,54,train,65547
WatchitMediaInc_20061201_8-K_EX-10.1_4148672_EX-10.1_Content License Agreement,WatchitMediaInc_20061201_8-K_EX-10.1_4148672_EX-10.1_Content License Agreement.txt,41,test,2106
WaterNowInc_20191120_10-Q_EX-10.12_11900227_EX-10.12_Distributor Agreement,WaterNowInc_20191120_10-Q_EX-10.12_11900227_EX-10.12_Distributor Agreement.txt,63,train,48412
WebmdHealthCorp_20050908_S-1A_EX-10.7_1027007_EX-10.7_Content License Agreement,WebmdHealthCorp_20050908_S-1A_EX-10.7_1027007_EX-10.7_Content License Agreement.txt,50,train,14993
WestPharmaceuticalServicesInc_20200116_8-K_EX-10.1_11947529_EX-10.1_Supply Agreement,WestPharmaceuticalServicesInc_20200116_8-K_EX-10.1_11947529_EX-10.1_Supply Agreement.txt,41,test,82898
"XACCT Technologies, Inc.SUPPORT AND MAINTENANCE AGREEMENT","XACCT Technologies, Inc.SUPPORT AND MAINTENANCE AGREEMENT.txt",46,train,14193
XENCORINC_10_25_2013-EX-10.24-COLLABORATION AGREEMENT (3),XENCORINC_10_25_2013-EX-10.24-COLLABORATION AGREEMENT (3).txt,87,train,140106
"XLITECHNOLOGIES,INC_12_02_2015-EX-10.02-STRATEGIC ALLIANCE AGREEMENT","XLITECHNOLOGIES,INC_12_02_2015-EX-10.02-STRATEGIC ALLIANCE AGREEMENT.txt",45,train,5712
"XLITECHNOLOGIES,INC_12_11_2015-EX-10.1-Sponsorship Agreement","XLITECHNOLOGIES,INC_12_11_2015-EX-10.1-Sponsorship Agreement.txt",48,train,18240
XYBERNAUTCORP_07_12_2002-EX-4-SPONSORSHIP AGREEMENT,XYBERNAUTCORP_07_12_2002-EX-4-SPONSORSHIP AGREEMENT.txt,47,train,48489
XinhuaSportsEntertainmentLtd_20070221_F-1_EX-99.4_645553_EX-99.4_Content License Agreement,XinhuaSportsEntertainmentLtd_20070221_F-1_EX-99.4_645553_EX-99.4_Content License Agreement.txt,41,test,19128
XpresspaGroupInc_20190401_10-K_EX-10.28_11599457_EX-10.28_Marketing Agreement,XpresspaGroupInc_20190401_10-K_EX-10.28_11599457_EX-10.28_Marketing Agreement.txt,67,train,52106
ZEBRATECHNOLOGIESCORP_04_16_2014-EX-10.1-INTELLECTUAL PROPERTY AGREEMENT,ZEBRATECHNOLOGIESCORP_04_16_2014-EX-10.1-INTELLECTUAL PROPERTY AGREEMENT.txt,71,train,127205
ZONDWINDSYSTEMPARTNERSLTDSERIES85-B_04_03_2006-EX-10-MANAGEMENT AND MAINTENANCE AGREEMENT,ZONDWINDSYSTEMPARTNERSLTDSERIES85-B_04_03_2006-EX-10-MANAGEMENT AND MAINTENANCE AGREEMENT.txt,46,train,17712
ZogenixInc_20190509_10-Q_EX-10.2_11663313_EX-10.2_Distributor Agreement,ZogenixInc_20190509_10-Q_EX-10.2_11663313_EX-10.2_Distributor Agreement.txt,87,train,175770
"Zounds Hearing, Inc. - MANUFACTURING DESIGN MARKETING AGREEMENT","Zounds Hearing, Inc. - MANUFACTURING DESIGN MARKETING AGREEMENT.txt",54,train,47001
ZtoExpressCaymanInc_20160930_F-1_EX-10.10_9752871_EX-10.10_Transportation Agreement,ZtoExpressCaymanInc_20160930_F-1_EX-10.10_9752871_EX-10.10_Transportation Agreement.txt,46,train,9174
